Date,MaxTemperature,MeanTemperature,MinTemperature,RHumidity,Rainfall,WindSpeed,Demand(MW)
1/1/2016,27.6,19.7,14.5,75,0,3.3,235
1/2/2016,28.2,19.5,13.9,73,0,3,251
1/3/2016,27,19.1,13.3,74,0,2,244
1/4/2016,27.7,19.3,14.1,72,0,2.5,242
1/5/2016,26.8,19.4,14.2,73,0,2,251
1/6/2016,26.6,19.1,14.6,76,0,2,244
1/7/2016,26.4,19.2,14.2,76,0,3,245
1/8/2016,26.3,19.3,14.5,76,0,2,239
1/9/2016,20.6,17.3,15.4,87,0,3,252
1/10/2016,24.9,18.7,15.3,76,0,4,236
1/11/2016,26,18.4,13,73,0,2,251
1/12/2016,25,17.7,13.2,79,0,2,255
1/13/2016,24.5,16.8,11.6,78,0,3,250
1/14/2016,24.4,17.4,13,79,0,2,244
1/15/2016,25.2,17.8,12.6,77,0,2,240
1/16/2016,24.2,17.7,13.7,78,0,3,132
1/17/2016,25.4,18,13,76,0,2,241
1/18/2016,25,18.1,13.4,74,0,2,247
1/19/2016,26.6,18.8,13.3,72,0,2,252
1/20/2016,18.4,16.2,15.8,91,0,2,190
1/21/2016,23.3,18,14.4,87,11,3,239
1/22/2016,22,16.6,13.7,89,0,2,226
1/23/2016,21.6,16.5,14.3,85,0,4,246
1/24/2016,20.7,15.8,11.4,91,0,2,251
1/25/2016,23.8,16.7,13.3,83,0,2,253
1/26/2016,22.9,15.5,12.3,84,0,5,252
1/27/2016,23.1,15.3,10.3,76,0,2,241
1/28/2016,25.1,17.9,11.2,63,0,4,247
1/29/2016,25.2,17.8,12.3,64,0,2.5,240
1/30/2016,24.7,17.8,12.6,76,0,2,252
1/31/2016,23.5,18.5,14,76,0,2.5,247
2/1/2016,25,19.8,16,82,0,3,243
2/2/2016,25.2,19.7,16.2,89,0,3,246
2/3/2016,26.2,19.6,16.5,84,0,3,244
2/4/2016,27.3,19.6,14.4,69,0,2.5,248
2/5/2016,27.1,18.8,13.8,67,0,4.5,235
2/6/2016,28.4,19.7,13.6,68,0,2,253
2/7/2016,28.2,20.7,13.9,73,0,2,246
2/8/2016,30.1,21.9,15.5,66,0,3,256
2/9/2016,27.3,21.6,17.8,74,0,2,248
2/10/2016,27.8,21.7,18.4,81,0,3,242
2/11/2016,27.3,21.7,17.5,81,0,5,249
2/12/2016,22.3,19.4,17.5,84,8,5,238
2/13/2016,29.1,21.2,16.3,71,0,2.5,239
2/14/2016,30.1,22,16,65,0,4.5,250
2/15/2016,31.5,23.1,16.8,66,0,3.3,254
2/16/2016,31,23,17.6,67,0,3,255
2/17/2016,31.1,23.4,17.9,64,0,2,260
2/18/2016,31,23.8,18.5,66,0,3,257
2/19/2016,31.2,24.4,19.4,69,0,2,256
2/20/2016,31,25.5,20.7,73,0,2,284
2/21/2016,31,25.9,23,81,0,2,275
2/22/2016,29.8,24,22.2,65,17,2,262
2/23/2016,30.5,24.4,17.6,74,0,3,266
2/24/2016,27.6,22.7,20.6,82,1,2,235
2/25/2016,27.8,22.4,19.6,78,2,3,243
2/26/2016,30.9,24.2,18.5,66,0,2,250
2/27/2016,32.5,24.3,18.8,64,0,2,257
2/28/2016,32.7,24.7,18.1,55,0,8,262
2/29/2016,32.8,24.4,18.2,56,0,2,258
3/1/2016,32.6,24.2,18.4,59,0,6,257
3/2/2016,32.3,24.7,18.6,64,0,2,267
3/3/2016,32.1,24.9,19.8,64,0,2,272
3/4/2016,32,25.5,20.8,67,0,4.5,267
3/5/2016,30.1,25,20.5,69,0,2.5,275
3/6/2016,33.5,26.3,20.6,62,0,3,251
3/7/2016,32.5,25.6,19.5,62,0,3,266
3/8/2016,32.5,25.7,20,66,0,3,276
3/9/2016,33.7,26.8,20.8,69,0,4,295
3/10/2016,32.8,26.9,22.8,71,0,3,272
3/11/2016,33,26.2,22.5,75,0,2,286
3/12/2016,32.8,26.6,22,70,0,2,277
3/13/2016,32,26.1,22.6,74,0,2,280
3/14/2016,32.3,25,20,71,0,2.5,288
3/15/2016,33.2,25.9,20.2,64,0,7,285
3/16/2016,32.5,25.6,20.6,60,0,4,246
3/17/2016,34,25.7,19.3,57,0,2.5,260
3/18/2016,33.6,25.4,18.5,47,0,4.5,268
3/19/2016,32.3,26.3,19.9,57,0,2.5,279
3/20/2016,31.2,25.1,19.9,78,22,5.5,266
3/21/2016,27.4,22.9,20,86,14,5.5,214
3/22/2016,32.6,25.4,20.2,70,38,6,266
3/23/2016,32.5,25.9,20.4,61,0,6,274
3/24/2016,33.6,26,21,63,0,3.5,285
3/25/2016,35.5,27.2,21.1,60,0,6,278
3/26/2016,34.4,27.3,21,58,0,3.5,299
3/27/2016,32.8,27.2,23,70,0,3,283
3/28/2016,22.8,21,20.5,93,27,5.3,211
3/29/2016,29,24.2,18.8,84,11,5,272
3/30/2016,31.4,25.6,22,84,5,6,295
3/31/2016,30.2,23.7,19.5,80,17,7.3,240
4/1/2016,26.5,22.3,18.5,81,5,6.3,246
4/2/2016,30.2,25.3,18.6,69,1,4.7,283
4/3/2016,24.9,23,22.1,94,0,5.2,245
4/4/2016,28.5,24.5,22.4,91,35,3.8,200
4/5/2016,24.8,21.9,23,95,32,4.7,171
4/6/2016,29.1,24.3,20,84,166,4.7,234
4/7/2016,32.8,27.5,20.2,79,14,5,238
4/8/2016,31.3,25.2,21,80,1,7,286
4/9/2016,32.7,27.7,18.6,79,66,2,298
4/10/2016,34.2,28.4,23.2,81,10,3,267
4/11/2016,34.4,28.4,25.7,75,0,6.5,288
4/12/2016,34.8,29.3,23.5,71,6,5.7,304
4/13/2016,35.5,27.1,24.2,71,2,6,264
4/14/2016,30.3,25.1,19.5,74,32,5.2,283
4/15/2016,30.2,25.2,20,77,34,3,261
4/16/2016,27.8,22.5,19.5,92,13,8,87
4/17/2016,28,23.5,20.4,88,153,6.6,190
4/18/2016,29.2,25.9,21.8,86,67,3.8,249
4/19/2016,28.8,24.7,22.6,83,0,5.2,265
4/20/2016,30.3,25.9,22.2,88,16,3.7,247
4/21/2016,34.1,26.5,23.3,82,0,11.5,93
4/22/2016,30.3,24.5,20.9,90,146,4.2,166
4/23/2016,34,27.3,21.7,80,59,3,195
4/24/2016,32.2,27.9,22.7,79,0,5,260
4/25/2016,30.7,25.8,21.7,77,13,5,310
4/26/2016,32,27.1,21.3,81,109,4.8,300
4/27/2016,32.4,27.9,23.2,79,2,3,324
4/28/2016,33,27.9,23.2,79,4,3.7,310
4/29/2016,32.5,27.6,19.9,71,18,5.5,316
4/30/2016,34.5,28.7,24,76,0,3.7,307
5/1/2016,31.6,26.3,20,71,32,4.7,200
5/2/2016,28.3,24.3,21.3,78,1,3.8,234
5/3/2016,31.6,26.9,21.6,66,1,3,320
5/4/2016,30.5,25.1,22.5,79,2,4.5,279
5/5/2016,32.6,26.9,22.8,76,12,4.3,272
5/6/2016,28.4,24.4,20.2,82,6,3,254
5/7/2016,29.4,25,22.8,83,6,2.7,264
5/8/2016,34.3,28.5,22.8,69,3,2,305
5/9/2016,35.6,28.7,24.2,70,0,2.5,321
5/10/2016,35.6,30.1,24.6,69,0,2.5,280
5/11/2016,35,30.3,26.4,73,0,2,320
5/12/2016,35.7,28.1,26,76,0,2.5,253
5/13/2016,27.8,23.4,22.3,92,6,2.8,208
5/14/2016,31.9,26.5,21.7,80,23,4,282
5/15/2016,26.7,24.2,21.9,88,25,3.8,251
5/16/2016,29.5,25,20.5,89,48,6,243
5/17/2016,29.8,24.5,22.8,97,11,3,177
5/18/2016,28.1,25,22.5,90,182,4,287
5/19/2016,29,25.2,22,85,119,3,269
5/20/2016,29.5,25.9,23.2,88,4,3,265
5/21/2016,25.5,24,23.8,94,40,15.3,148
5/22/2016,30.3,26.5,22.6,85,48,3,281
5/23/2016,34,29.3,24.7,81,5,2,295
5/24/2016,34,28.7,26.4,82,0,2,323
5/25/2016,33.7,27.9,24,79,29,6,236
5/26/2016,34,28.2,24,72,2,3,313
5/27/2016,31,25.5,24.3,91,1,2,280
5/28/2016,27.5,25,22.9,92,73,5,281
5/29/2016,31.4,27.6,23.2,83,19,3.3,310
5/30/2016,33,27.1,25.2,85,0,2,304
5/31/2016,33.5,27.4,25,82,5,5.5,291
6/1/2016,34,29.1,24.8,77,0,3.5,326
6/2/2016,35.1,30.1,25.7,74,0,2,293
6/3/2016,35.7,30.5,26.7,75,0,4.5,320
6/4/2016,35.6,30.6,25.7,74,0,3.5,301
6/5/2016,34.8,30.3,26.1,76,0,3.5,328
6/6/2016,35.2,29.5,25,79,3,4,317
6/7/2016,29,25.9,23.2,92,14,2,310
6/8/2016,32.4,28,23.5,87,97,6,311
6/9/2016,32.2,28.1,25.7,82,50,3.7,318
6/10/2016,35.2,29,25.2,81,17,2,340
6/11/2016,32.8,28.7,26.5,80,18,3,337
6/12/2016,27.5,26.3,25.8,88,0,2.5,330
6/13/2016,30.6,27.2,24.1,86,0,4.5,327
6/14/2016,32,28,24.5,84,1,3,325
6/15/2016,31.1,27.6,24.5,86,41,2,333
6/16/2016,33,27.7,25.5,87,3,3,329
6/17/2016,32,27.8,25.3,88,9,2,332
6/18/2016,34.7,29,26.3,83,1,9,326
6/19/2016,32.9,28,26,86,3,4,351
6/20/2016,33.2,28.1,25.6,87,23,6,339
6/21/2016,32.7,28.1,24.6,86,55,4.7,331
6/22/2016,30.8,27.2,25.3,94,67,3,360
6/23/2016,29.5,26.8,25.5,95,61,5,321
6/24/2016,33.1,28,24.5,90,46,3,355
6/25/2016,35.7,30.9,25.9,79,36,3.5,368
6/26/2016,35.8,30.8,27.4,80,0,3,366
6/27/2016,35,30.3,25.7,79,76,2,330
6/28/2016,35.6,30.1,26.6,80,3,2,345
6/29/2016,34,29.3,26.5,85,31,2,357
6/30/2016,33.4,29.6,27.3,82,2,2,361
7/1/2016,35,29.5,27.2,83,1,3,338
7/2/2016,33.3,27.9,26,90,62,4,326
7/3/2016,32.8,28,26.4,90,24,5.3,330
7/4/2016,30,27.2,26,93,37,2.7,340
7/5/2016,30,27.8,25.1,88,11,6,333
7/6/2016,31.8,27.6,26,91,11,3,326
7/7/2016,35.2,30,26,82,42,5,294
7/8/2016,35,29.5,26.2,86,20,5,294
7/9/2016,35,29,25.6,83,83,2.3,328
7/10/2016,34.4,29.3,26.3,79,7,2.5,346
7/11/2016,35,29.9,25.9,78,9,2.5,346
7/12/2016,33.9,29,27.3,84,0,4,344
7/13/2016,32.5,27.9,26.1,90,22,4.5,338
7/14/2016,34.5,29.7,26.4,82,9,2,344
7/15/2016,33.5,28.8,26.9,84,5,3,353
7/16/2016,29.9,26.9,25.5,93,3,7.5,321
7/17/2016,33.3,28.1,25.4,84,10,6,312
7/18/2016,29.6,26.4,25.1,93,3,5.5,318
7/19/2016,28,26.4,25.5,95,11,3,320
7/20/2016,30.8,27.2,25,93,37,4,343
7/21/2016,32.4,27.2,26,90,13,2.5,338
7/22/2016,30.8,26.9,25.5,91,2,2.5,310
7/23/2016,32,26.9,24.2,90,34,4.5,315
7/24/2016,29.6,26.4,25.4,94,37,3.5,334
7/25/2016,29,26,25.4,94,17,2.5,321
7/26/2016,32.1,27.1,23.7,86,10,3.5,332
7/27/2016,34,28.6,25,82,0,2,355
7/28/2016,33.7,28.8,25,84,1,2,334
7/29/2016,34.3,28.5,26.7,88,0,5,341
7/30/2016,33.5,28.8,25.6,84,6,2,334
7/31/2016,35.3,30.5,25.6,72,4,6,325
8/1/2016,35.5,31,26.6,70,0,4,355
8/2/2016,36.4,31.9,27.6,67,0,3.7,349
8/3/2016,37.6,31.7,27.6,74,0,3,308
8/4/2016,36.6,31,26.6,76,13,4.3,370
8/5/2016,35,29.4,24.8,82,87,3.3,362
8/6/2016,34.7,29.2,25.5,82,12,2.5,351
8/7/2016,34.2,28.9,25.5,83,2,3,356
8/8/2016,35.4,29.6,26.4,83,29,5,310
8/9/2016,33.7,28.2,25.7,83,43,3.3,360
8/10/2016,31,27.7,25.5,89,4,5,327
8/11/2016,34.8,29.4,26.3,82,8,2,345
8/12/2016,35.2,29.9,26.9,81,0,2,346
8/13/2016,33.9,29.8,26.3,84,14,4,362
8/14/2016,34,29.5,26.7,86,1,2,370
8/15/2016,33.5,28.9,25.3,83,2,3.5,364
8/16/2016,36,30,24.3,76,23,3.5,339
8/17/2016,35.2,30.2,27.3,80,0,3,344
8/18/2016,34.3,29.3,25.5,83,0,3,312
8/19/2016,32.6,28.8,26.8,88,4,2,331
8/20/2016,31.9,28.7,26.2,89,24,3.5,346
8/21/2016,33.2,27.6,27.1,86,4,6,350
8/22/2016,34.5,29.5,24.3,72,3,2.3,356
8/23/2016,33.5,29.5,26.5,80,0,2,358
8/24/2016,36.3,31.4,26.4,76,0,2,370
8/25/2016,36.9,30.2,28.4,78,0,5,356
8/26/2016,35.6,30,25.4,78,2,3,366
8/27/2016,33.8,29.9,26.8,84,0,2,340
8/28/2016,31.8,28.3,27.3,87,0,5,206
8/29/2016,35,29.2,26.2,84,0,3,360
8/30/2016,33,28.5,26,87,15,3,340
8/31/2016,28.7,26.2,24.8,96,106,9,345
9/1/2016,30.8,27.1,25,94,86,3.5,330
9/2/2016,32.3,27.8,25.3,90,35,4,320
9/3/2016,33.1,28.6,26,84,0,3,335
9/4/2016,33.6,28.8,25.8,83,19,2.8,320
9/5/2016,33.8,29.1,26.7,80,0,3,325
9/6/2016,35.5,29.4,25.5,79,0,3,300
9/7/2016,34.2,29.7,26.7,81,12,3,375
9/8/2016,34.2,28.8,27,84,4,2.7,355
9/9/2016,34.9,29.3,25.8,79,22,4,342
9/10/2016,32.8,29,26.7,80,0,2.5,359
9/11/2016,31,27.5,24.8,90,106,3,349
9/12/2016,34,29,26.3,84,21,3,266
9/13/2016,32,27.5,25.1,87,11,2.7,340
9/14/2016,31.5,27.5,24.8,88,4,2.5,290
9/15/2016,34.5,29.2,25.2,81,0,2.3,335
9/16/2016,34.7,29.8,26.2,82,0,2,335
9/17/2016,34.5,29.7,26.8,83,0,4,348
9/18/2016,27.8,26.2,25.8,96,35,9,340
9/19/2016,33,27.5,25.1,88,92,4,329
9/20/2016,30.6,26.2,25.7,93,4,3.3,330
9/21/2016,34.6,28.2,24.3,81,27,2,339
9/22/2016,34.4,28.8,24.3,82,44,3,339
9/23/2016,32.7,27.9,24.9,86,0,2,335
9/24/2016,33.6,28.4,25.7,84,1,4,311
9/25/2016,33,28.5,24.6,82,18,2,349
9/26/2016,33,28.2,24.6,83,7,3,342
9/27/2016,34.9,29.5,26.3,80,0,5,358
9/28/2016,34.6,29.2,26.5,83,0,3,343
9/29/2016,33.8,28.4,22.8,82,11,4,371
9/30/2016,35.2,30.2,24.2,79,2,2.5,373
10/1/2016,33.6,28.9,26.6,84,0,2.5,332
10/2/2016,35,28.9,27,83,0,3.7,364
10/3/2016,36,30.5,25.9,79,4,2,360
10/4/2016,36.2,30.1,27.3,79,0,2,349
10/5/2016,34,29.1,25.5,81,0,2,345
10/6/2016,33,28.8,25.7,86,0,6,340
10/7/2016,30,27.2,26.5,89,1,2.5,246
10/8/2016,33.3,28.2,25.2,87,6,2.5,346
10/9/2016,31.4,27.1,25,92,7,3,351
10/10/2016,31.6,26.8,25.4,92,10,2,334
10/11/2016,31,26.9,24.3,83,55,2.3,316
10/12/2016,27.7,25.5,23.9,94,24,2,293
10/13/2016,32.8,26.9,23.8,86,44,2,304
10/14/2016,33.5,28.2,23.7,78,0,3,342
10/15/2016,35.2,29,25.1,78,0,2,360
10/16/2016,35.6,29.2,25.1,77,0,2.3,374
10/17/2016,36.2,29.4,24.4,74,0,2,360
10/18/2016,35.5,29.1,25,76,0,3,365
10/19/2016,35,28.2,23.6,76,0,6,358
10/20/2016,34.6,27.7,23.3,79,0,3.3,356
10/21/2016,34.3,27.1,22.7,75,0,2,319
10/22/2016,33.1,26.1,22,75,0,2.4,347
10/23/2016,33.8,26.4,21.3,71,0,4,348
10/24/2016,33.8,28.2,21.3,72,0,3,339
10/25/2016,34,28.7,24.5,75,0,4,350
10/26/2016,31.9,28.3,24.8,78,0,2,358
10/27/2016,26.9,25.1,25.7,93,0,2.5,277
10/28/2016,28.5,25,23.3,88,7,3.5,286
10/29/2016,33,27.1,23.1,78,0,2,336
10/30/2016,33.8,27.5,23.2,76,0,2.2,342
10/31/2016,34.3,27.9,23.8,75,0,3,343
11/1/2016,34.2,28.1,23.9,70,0,2,322
11/2/2016,34.1,28.2,24.3,71,0,3,259
11/3/2016,34.4,28.4,23.4,69,0,4,335
11/4/2016,26.8,23.2,24.5,91,0,7,266
11/5/2016,25.8,22.4,21.5,91,29,4.7,249
11/6/2016,23.5,21,18.9,95,44,7.3,254
11/7/2016,27.2,23.7,19.4,93,33,6,278
11/8/2016,29.6,24.5,22,86,2,4,299
11/9/2016,31,24.3,19.5,73,0,2,293
11/10/2016,32.2,25.6,20.3,74,0,2,296
11/11/2016,31.6,25.3,21.1,81,0,2,278
11/12/2016,30.3,24.1,20.6,80,0,2,288
11/13/2016,29.4,23.9,20,82,0,2,292
11/14/2016,30.5,24.1,20.3,79,0,3,285
11/15/2016,31.2,24.3,20.1,79,0,4,281
11/16/2016,30,24.3,20.3,78,0,4,283
11/17/2016,31,23.5,19.8,73,0,2.5,274
11/18/2016,30.7,22.3,17.8,69,0,3,254
11/19/2016,29.3,21.4,15.7,70,0,5,269
11/20/2016,28.1,20.7,15.9,67,0,3,258
11/21/2016,28.8,21.2,15.7,72,0,2,257
11/22/2016,28.6,21.2,16.3,75,0,4,260
11/23/2016,29,21.7,16.9,78,0,3.5,255
11/24/2016,28.3,21.1,17.1,79,0,5,257
11/25/2016,27.3,20.9,16.5,80,0,3,261
11/26/2016,29.1,21.9,17.4,78,0,3.2,268
11/27/2016,29.2,22.3,18,77,0,5.5,262
11/28/2016,29,22.1,17.7,79,0,2,261
11/29/2016,28.4,22.2,17,75,0,2.8,264
11/30/2016,29.1,22.3,18.2,73,0,3.7,272
12/1/2016,29.5,22.2,17.9,74,0,4.3,274
12/2/2016,29.8,22.2,18,73,0,2.5,250
12/3/2016,30.3,22.7,17,74,0,3,264
12/4/2016,30.5,23,17.5,67,0,2.8,254
12/5/2016,31,22.5,17.3,65,0,2,266
12/6/2016,30.2,22,16.7,63,0,2.7,260
12/7/2016,29.5,21.5,17.3,63,0,8,286
12/8/2016,29.5,21,16,67,0,4,268
12/9/2016,28.5,20.7,15.7,67,0,2,247
12/10/2016,29.2,21.1,14.5,64,0,2.3,259
12/11/2016,30.5,20.9,14.8,68,0,4.5,254
12/12/2016,29.1,20.5,14.5,76,0,4,263
12/13/2016,27.7,20.4,15,76,0,3,258
12/14/2016,28,20.3,14.9,76,0,2,262
12/15/2016,28.1,20.3,15.3,75,0,2.3,267
12/16/2016,28,20.9,15.4,64,0,4.7,242
12/17/2016,28.7,21.6,16,71,0,2.2,262
12/18/2016,27,20.7,16.7,79,0,2,261
12/19/2016,27.5,20.4,14.9,79,0,3,257
12/20/2016,26,20.1,17,87,0,2,258
12/21/2016,25.8,20.1,17.4,91,0,4,260
12/22/2016,28.1,21.9,16.6,79,0,2,268
12/23/2016,28.7,21.9,17.5,77,0,2.2,260
12/24/2016,29,21.5,17.5,81,0,2,265
12/25/2016,29.4,21.9,18.1,77,0,3.7,259
12/26/2016,28.2,21.4,17.5,81,0,2.2,248
12/27/2016,26,20.2,17.3,80,5,2,256
12/28/2016,28.1,20.3,14.6,73,0,2,263
12/29/2016,28.9,21,14.7,63,0,3.2,264
12/30/2016,28.1,21.2,15.5,67,0,3,245
12/31/2016,28.2,20.9,16.4,79,0,2,268
1/1/2017,28.7,20.7,16.4,77,0,3.5,265
1/2/2017,28.5,21.1,15.5,71,0,2,259
1/3/2017,28.2,20.8,15,71,0,2.5,257
1/4/2017,28.4,20.9,15.2,74,0,2,266
1/5/2017,28.6,20.2,14.9,71,0,2,259
1/6/2017,27.9,19.3,14.4,83,0,6,249
1/7/2017,27.5,20.3,15,79,0,4,268
1/8/2017,27.5,20,14.5,72,0,2,259
1/9/2017,27.5,19.6,14.9,76,0,2.3,271
1/10/2017,27.2,19.5,14.9,72,0,3.3,253
1/11/2017,26.6,18.4,12.6,72,0,2,265
1/12/2017,25.6,18.2,13.2,75,0,2,266
1/13/2017,24.6,17.4,13,68,0,2.5,251
1/14/2017,25.7,17.2,10.3,70,0,2,260
1/15/2017,27.2,18.5,12.5,67,0,2.5,262
1/16/2017,26.3,17.8,12.6,73,0,2,265
1/17/2017,26.5,18,13,74,0,2,263
1/18/2017,27.2,19.1,13,71,0,3,265
1/19/2017,28.6,20.1,14.4,67,0,4,260
1/20/2017,27.6,19.6,14.4,71,0,5.5,257
1/21/2017,28.8,19.8,13.1,65,0,5,264
1/22/2017,29.5,20,13.9,65,0,2.5,255
1/23/2017,28.6,19.8,13.6,67,0,4.5,254
1/24/2017,29.9,20.9,14.7,62,0,3.7,264
1/25/2017,31,21.9,14.5,54,0,2,277
1/26/2017,31.4,22.7,15.8,55,0,4.7,263
1/27/2017,28.5,21,17,73,0,5,264
1/28/2017,25.2,19.8,15.4,79,0,3,254
1/29/2017,28,20.2,15,79,0,2,271
1/30/2017,26.5,19.4,15,82,0,2.7,266
1/31/2017,26.8,19.2,13.5,81,0,4,276
2/1/2017,28,19.4,14.4,76,0,2,278
2/2/2017,27.8,18.9,13,73,0,3.5,272
2/3/2017,27.3,19.6,13,71,0,2,237
2/4/2017,30.2,21.5,13.4,65,0,3,269
2/5/2017,31.4,22.6,15.3,54,0,3.7,274
2/6/2017,31.5,22.6,16.8,59,0,3.5,272
2/7/2017,28.5,21.5,16.1,73,0,3,259
2/8/2017,28.8,21.4,17,69,0,3,275
2/9/2017,29,20.3,14.5,75,0,2,274
2/10/2017,28,20.6,15,69,0,2,248
2/11/2017,30.5,22.2,15.9,59,0,2,275
2/12/2017,31.2,22.7,15.9,57,0,4,267
2/13/2017,30.6,22.1,16,63,0,2,273
2/14/2017,30.5,22.2,15.8,58,0,3,267
2/15/2017,31.3,22.3,16.2,59,0,3,273
2/16/2017,31.7,22.9,15.8,56,0,2,260
2/17/2017,31.8,23.6,17.1,53,0,4,264
2/18/2017,32.8,24.2,18.5,58,0,3,277
2/19/2017,30.4,23.1,16.9,72,0,2,273
2/20/2017,28.1,22,18.5,81,0,2,217
2/21/2017,27.6,22.5,18.4,89,115,3,240
2/22/2017,30,25,20.2,77,22,16,282
2/23/2017,29.2,23.8,22.4,67,0,5,275
2/24/2017,28.7,21.2,16,54,0,14,259
2/25/2017,28.2,20.6,13.9,52,0,3.5,272
2/26/2017,28.6,20.9,14.7,56,0,4,267
2/27/2017,29.2,21.4,15.5,60,0,2.7,269
2/28/2017,29.4,21.9,16.9,65,0,2,276
3/1/2017,30.2,22.2,17.6,71,0,4.5,278
3/2/2017,30.8,23.3,17.5,67,0,2.7,291
3/3/2017,28.2,22.9,18.2,77,0,2,269
3/4/2017,25.4,21.7,19.8,85,0,2,272
3/5/2017,26,20.9,17.5,88,0,2,246
3/6/2017,28,22.5,18,77,4,3.8,287
3/7/2017,31,23.5,17.3,62,0,2.3,270
3/8/2017,30.5,22.9,17.8,65,0,2.7,170
3/9/2017,27.3,21.6,17.1,72,8,5.3,264
3/10/2017,30.1,22.7,18.6,77,0,4.7,234
3/11/2017,21.6,20.1,17.8,91,26,6,243
3/12/2017,28.9,23.1,19.4,78,4,8,267
3/13/2017,28.9,22,17.5,55,0,5,259
3/14/2017,29.1,21.5,15.1,53,0,5,237
3/15/2017,30.2,21.7,15.2,57,0,6,252
3/16/2017,29.1,22,15.7,64,0,4,253
3/17/2017,30.5,23.1,15.9,56,0,3.3,264
3/18/2017,24.2,19.4,16.5,82,13,6.7,252
3/19/2017,30,23.1,15.9,66,2,4,279
3/20/2017,20.9,18.5,18.9,86,0,2,275
3/21/2017,28,21.5,16,73,3,2,278
3/22/2017,30,23.3,17.3,66,0,2.3,293
3/23/2017,31.1,24.9,18.6,64,0,2,299
3/24/2017,29.5,24.5,21.6,67,0,3,277
3/25/2017,25.3,20.1,19.6,88,28,4.3,225
3/26/2017,31.3,24.7,17.6,74,23,4.5,265
3/27/2017,31.9,26.6,22,77,0,5,282
3/28/2017,30.5,25.3,21.5,80,0,2,324
3/29/2017,25.3,23.1,21.8,94,18,3,197
3/30/2017,22.4,22,21.4,97,119,3,178
3/31/2017,23.7,22.4,21.4,97,96,5.3,245
4/1/2017,26.7,22.4,20,94,134,5.3,232
4/2/2017,28.5,22.5,17.5,86,124,4.7,253
4/3/2017,22.8,19.6,17.7,91,71,7.5,176
4/4/2017,22.7,19.7,17.5,91,81,4,225
4/5/2017,23,20.6,18.9,93,17,5.5,224
4/6/2017,30,24.7,18.9,76,4,3,264
4/7/2017,30.6,25.4,21.9,89,0,2,289
4/8/2017,32.2,26.9,22.5,85,62,6,309
4/9/2017,30.7,25.5,20.5,87,8,2,319
4/10/2017,33.1,26.6,21.6,80,30,5,325
4/11/2017,33.8,27.1,23.2,71,0,2.3,342
4/12/2017,34.7,27.2,22,65,0,7,340
4/13/2017,34.5,27.5,22.2,60,0,3,342
4/14/2017,35,28.1,22.9,65,0,5,336
4/15/2017,32.8,26.3,23.4,75,0,5,350
4/16/2017,29,24.4,20.5,69,22,2,271
4/17/2017,34.3,28.1,21.3,61,0,4,333
4/18/2017,33.5,28.4,23.5,73,0,3,350
4/19/2017,32.2,24.5,25,89,0,9,75
4/20/2017,28.5,24.4,20.5,79,66,2,304
4/21/2017,25.5,22,21.5,95,34,7.5,192
4/22/2017,24.8,22.2,20.8,92,18,4,232
4/23/2017,24.9,22.6,20.8,94,23,3,262
4/24/2017,25.4,22.6,21.3,90,24,3,272
4/25/2017,26.2,23.3,20.6,93,32,4,245
4/26/2017,31.9,24.7,20.7,91,74,3,291
4/27/2017,30,25.5,20,83,25,6.5,333
4/28/2017,29.6,24.6,23.6,80,0,6.7,256
4/29/2017,32.2,25.9,19.2,70,25,8,298
4/30/2017,33.4,26.5,21.2,76,0,8,318
5/1/2017,33.5,26.8,19.4,72,47,12,273
5/2/2017,32.8,27.1,22.1,70,7,3,318
5/3/2017,34.4,28.5,23,67,0,4,326
5/4/2017,33.3,27.4,21.4,74,15,2,341
5/5/2017,31.7,25.8,22,76,1,2.5,302
5/6/2017,33.7,27.7,21.5,74,5,2.2,355
5/7/2017,31.8,26.9,19.9,70,28,3,304
5/8/2017,34.1,27.8,23.3,80,0,2.2,328
5/9/2017,32.4,25.7,23.3,82,0,2.5,291
5/10/2017,32,27.4,22.5,73,8,7,337
5/11/2017,32.8,27.3,23.5,79,0,2.5,301
5/12/2017,34.3,28.1,23.2,77,4,2.5,341
5/13/2017,33.7,29.2,23.2,76,11,2,360
5/14/2017,30.2,25.8,22.5,90,2,4.5,328
5/15/2017,30.7,26.5,23,83,117,2.8,331
5/16/2017,31.7,26.4,23.4,81,31,5,341
5/17/2017,35,29.9,23.5,69,1,2,283
5/18/2017,34.2,28,26.5,82,0,2,356
5/19/2017,30.7,27,22.7,87,99,4.5,302
5/20/2017,32.3,27.5,23.8,82,26,4,277
5/21/2017,31.3,27.1,21.8,82,54,3.2,334
5/22/2017,29.5,26,21.8,87,22,3,344
5/23/2017,34.2,29.7,23.5,81,46,2,351
5/24/2017,31.1,27.6,22.5,87,0,5.5,356
5/25/2017,34.8,29,24.2,81,23,6,311
5/26/2017,32.1,27.4,23.3,82,36,2.5,364
5/27/2017,35.5,29.9,26.3,77,2,4,371
5/28/2017,36.4,30.4,25,71,0,4,347
5/29/2017,35.3,30.7,26.4,65,0,2,376
5/30/2017,31,26.8,27.3,80,1,18,218
5/31/2017,31.2,26.9,23.7,89,43,3,241
6/1/2017,26,24.6,23.5,96,34,6.7,314
6/2/2017,28,25.3,23.5,94,68,3.3,312
6/3/2017,28.5,25,23,92,51,3.2,267
6/4/2017,26.7,25,23.2,91,60,2.3,330
6/5/2017,28.8,26.2,23.4,90,17,6,313
6/6/2017,36.1,30.4,24.8,76,12,2,322
6/7/2017,36.5,31.2,26.8,77,0,2.5,408
6/8/2017,35,29.8,26.8,81,0,3.5,403
6/9/2017,35.5,30.5,25.6,74,0,3.3,373
6/10/2017,36.5,30.1,27.1,76,0,2,343
6/11/2017,34.6,28.8,24,84,28,2.5,336
6/12/2017,29.5,26.3,25.5,93,14,10,235
6/13/2017,29.2,27.1,25.2,93,85,17,349
6/14/2017,26,25.1,24.5,98,22,2,292
6/15/2017,33.7,28.4,24.3,82,153,2,364
6/16/2017,28.6,26.3,25.7,95,7,6,350
6/17/2017,27.6,26.1,25.6,96,50,10.5,342
6/18/2017,29.4,26.5,25,94,96,2.7,334
6/19/2017,26,24.6,23.6,96,51,3.5,328
6/20/2017,31,27,23.5,86,29,2.2,362
6/21/2017,32.5,28.2,25.2,85,1,6.7,370
6/22/2017,28.9,25.9,25.4,95,16,6,376
6/23/2017,33.5,29.1,23.9,83,65,5,353
6/24/2017,32.4,28.1,25.4,86,22,5,316
6/25/2017,35,29.9,25.8,78,40,2,377
6/26/2017,34.8,29,24.7,81,11,2,356
6/27/2017,31.8,28.3,26.7,86,9,3,321
6/28/2017,33,27.9,25.3,88,40,2.7,343
6/29/2017,33.2,28.8,25.7,84,36,2,320
6/30/2017,32.5,28.4,26,87,30,6,313
7/1/2017,30.7,27.4,26.8,91,6,3,367
7/2/2017,32.4,28.2,26.1,88,27,3.2,350
7/3/2017,30.3,27.5,25.7,91,6,2.8,347
7/4/2017,31.5,27.6,26,90,14,2.5,369
7/5/2017,32.5,28.1,26.3,87,95,2,360
7/6/2017,32.8,28.8,26,83,44,4,367
7/7/2017,31.8,28.9,26.2,83,26,4,381
7/8/2017,32.8,28.4,27.2,85,0,2,393
7/9/2017,30.8,27.2,26.5,90,22,2.5,380
7/10/2017,29.8,26.6,25.5,93,17,3,363
7/11/2017,32.2,27.5,25.1,87,11,2.2,381
7/12/2017,33.8,28.8,25.1,82,19,2,399
7/13/2017,32.3,27.7,25,85,17,3,368
7/14/2017,32.8,28.1,24.9,85,59,2.5,374
7/15/2017,34.7,29.6,25.1,80,33,5,399
7/16/2017,36.4,30.9,23.6,78,23,3,387
7/17/2017,37,32.5,28.1,72,0,3.3,401
7/18/2017,35.8,31.4,28.4,76,0,2,420
7/19/2017,32,27.9,26.4,84,0,3,399
7/20/2017,28.9,27,25.2,93,13,2.7,359
7/21/2017,33.3,28.6,25.2,82,30,3,385
7/22/2017,35.3,29.6,25.3,81,79,3,360
7/23/2017,33.4,27.4,26.3,90,11,4,374
7/24/2017,29.1,26.5,25.5,92,16,3,339
7/25/2017,31.2,27.1,25.2,88,32,4.5,368
7/26/2017,33.3,28,25.4,88,12,3,350
7/27/2017,32.8,28.3,24.3,87,102,3,388
7/28/2017,33.4,28.9,26,86,2,4,384
7/29/2017,33.7,28.3,26.2,88,3,2,406
7/30/2017,33.6,29.6,25,84,53,3,410
7/31/2017,32.8,28.4,25.5,89,2,3,412
8/1/2017,32.3,27.9,25.1,91,83,4,393
8/2/2017,32.4,27.8,25.4,93,31,4,395
8/3/2017,32.9,28.2,25.8,93,23,3.5,413
8/4/2017,34.6,29.4,26,87,42,5,399
8/5/2017,34.6,29.7,26.3,87,28,2,405
8/6/2017,32.3,27.9,26,92,34,2,397
8/7/2017,30.8,27.4,25.5,92,57,6,391
8/8/2017,33,28.4,26,90,5,4,411
8/9/2017,32.1,28.4,26,88,9,6,385
8/10/2017,31.7,27.9,26.1,88,15,5.2,354
8/11/2017,26.8,25.3,25.6,97,55,5,328
8/12/2017,27.5,25.8,24.2,97,117,2.2,352
8/13/2017,28.6,26.4,24.7,96,64,3.5,362
8/14/2017,32.2,27.8,25.4,89,54,2,372
8/15/2017,28.5,26.6,25.4,94,47,5.5,346
8/16/2017,31.2,28.1,25.5,89,22,3,390
8/17/2017,35,29.7,26.5,85,0,3.5,376
8/18/2017,32.2,27.6,25.4,89,14,2,391
8/19/2017,35,29.8,25.4,80,64,2,410
8/20/2017,33.3,28.9,25.4,85,4,4,422
8/21/2017,34.4,29.3,26.5,83,4,2.5,417
8/22/2017,33.8,29.8,24.7,80,28,3,417
8/23/2017,35.2,29.6,25.2,80,92,2.5,448
8/24/2017,33,28.5,24.5,86,77,4.7,310
8/25/2017,34,29.2,26,83,36,2,416
8/26/2017,31,27.4,26.4,94,2,2.5,402
8/27/2017,34.2,29.5,25.5,82,39,5,375
8/28/2017,35.3,29.5,24.4,77,17,4.7,405
8/29/2017,33.8,28.4,26.3,84,8,2.5,383
8/30/2017,30,26.9,25.4,94,9,4.5,398
8/31/2017,32.8,28.2,25,88,75,3.5,391
9/1/2017,32.3,27.2,26.4,90,4,5.5,378
9/2/2017,32.2,27.6,25,87,87,2.3,373
9/3/2017,32,27.1,26,93,17,6,320
9/4/2017,31,27.6,25.6,92,71,3,320
9/5/2017,33.3,28.3,25.5,86,13,3,314
9/6/2017,29.2,27,26.5,94,0,3,393
9/7/2017,32.2,28,25.3,87,4,2.7,348
9/8/2017,28.3,26.4,25.3,96,32,2.5,374
9/9/2017,28.6,26.5,25.5,97,13,2,377
9/10/2017,26.8,25.4,23.6,95,85,2,362
9/11/2017,31.4,27.3,23.9,86,20,3.5,364
9/12/2017,32.7,28.1,24.4,85,8,2.5,396
9/13/2017,32.5,28.7,25.9,86,1,6,391
9/14/2017,29.5,26.4,25.6,94,7,3,400
9/15/2017,35,29.5,25,82,9,3,407
9/16/2017,36.6,31.4,26.5,78,0,2,411
9/17/2017,33.2,29.8,28,82,0,6.7,399
9/18/2017,34.5,29.8,26.4,76,4,2.3,395
9/19/2017,32.8,28.2,25.1,85,1,4.5,379
9/20/2017,31.3,27.3,25.5,92,20,2,408
9/21/2017,33.1,27.9,26.2,89,27,2.3,389
9/22/2017,32.2,27.9,25.6,89,7,4,403
9/23/2017,34,29.1,26,84,9,2,409
9/24/2017,34.8,29.8,26.8,81,0,2,403
9/25/2017,35.3,30.4,26.8,79,0,2,410
9/26/2017,32.5,28.3,26.7,91,0,0,405
9/27/2017,33.7,28.8,25.1,87,41,4,368
9/28/2017,35,29.1,25,80,18,3,320
9/29/2017,29.9,26.1,25.2,94,2,4,347
9/30/2017,32.5,26.6,24.9,92,71,2,363
10/1/2017,28.7,26.2,24.9,94,17,2,364
10/2/2017,33.7,28.4,24.9,86,13,4,400
10/3/2017,34,29.3,25.6,81,0,3,413
10/4/2017,36.4,30.4,25.6,76,0,2,402
10/5/2017,36,30.8,26.6,75,0,3,418
10/6/2017,36.1,30.1,25.3,77,0,4,401
10/7/2017,32.1,27.8,25.5,84,1,4,421
10/8/2017,34.5,28.5,25,80,18,16,409
10/9/2017,34.3,28.7,24.8,81,0,4,408
10/10/2017,34.6,28.5,25.5,80,0,2,400
10/11/2017,35.6,30.1,25.5,79,2,6.5,427
10/12/2017,34.4,28.7,26.5,86,0,4,374
10/13/2017,32,27.5,24.6,89,56,2.5,390
10/14/2017,32.5,27.7,24.5,88,44,3,415
10/15/2017,32,27.9,24.8,86,9,2.3,373
10/16/2017,34,28.4,24.5,82,7,2,412
10/17/2017,35,29.8,24,79,0,2,424
10/18/2017,34,29.1,24.8,83,0,2,400
10/19/2017,32.7,27.8,24.8,89,0,10,357
10/20/2017,27.3,24.5,23.7,90,15,2,302
10/21/2017,24,22,22.3,97,8,9.4,115
10/22/2017,25.5,23.6,20.5,96,110,2,296
10/23/2017,31.1,26,22.4,89,11,6,353
10/24/2017,31.1,25.7,23,87,0,3,338
10/25/2017,31.8,25.4,22.2,84,0,2,345
10/26/2017,31.7,24.8,20.5,80,0,3.3,346
10/27/2017,30.2,23.2,20.5,71,0,3.3,314
10/28/2017,31,24.2,17.3,72,0,2,324
10/29/2017,29.1,23.7,20.5,81,0,5,286
10/30/2017,29.2,20.6,21,93,0,5.4,276
10/31/2017,29,23.3,18.3,75,7,2,308
11/1/2017,30.6,24.1,19.5,76,0,3,317
11/2/2017,31.6,24.2,19.5,77,0,2.5,322
11/3/2017,32.7,25.2,19,71,0,3.5,299
11/4/2017,32.1,25.8,20.5,69,0,4.7,337
11/5/2017,32,25.6,21.5,70,0,2,334
11/6/2017,33.7,25.4,19.7,69,0,2.5,314
11/7/2017,32,24.9,20.1,71,0,2.5,322
11/8/2017,31.5,24.8,19.8,69,0,2.6,280
11/9/2017,31.3,24.3,19.6,72,0,4.5,326
11/10/2017,31.8,24.5,19,74,0,3,312
11/11/2017,32.9,25.3,19.4,73,0,4,342
11/12/2017,33.1,24.9,20.4,76,0,4,335
11/13/2017,32,24.7,19.8,67,0,4,331
11/14/2017,32.1,24.6,18.8,70,0,3.3,325
11/15/2017,28.5,24,18.6,79,0,2,313
11/16/2017,26.5,22.8,21.3,91,0,3,295
11/17/2017,31.8,25.8,21.5,81,3,2,285
11/18/2017,31,25.8,23.7,88,0,2,309
11/19/2017,32.5,25.5,22.5,83,0,3.2,322
11/20/2017,31.9,24.7,21.5,84,0,2,321
11/21/2017,29,23.7,20.6,89,0,2,315
11/22/2017,30.2,23.8,19,80,0,3,318
11/23/2017,29.6,22.4,20.5,82,0,2,307
11/24/2017,30,22.6,17,75,0,3.5,299
11/25/2017,30,21.8,17.3,78,0,2,301
11/26/2017,29.9,21.6,16.4,78,0,2,302
11/27/2017,28.3,21.5,16.3,81,0,2,296
11/28/2017,28,21.3,17.1,85,0,3.5,309
11/29/2017,28.5,21.3,17,75,0,2,302
11/30/2017,28.3,21.1,16.5,78,0,2,290
12/1/2017,28.7,21.1,16.7,78,0,2,277
12/2/2017,28.6,20.8,16.6,75,0,3.3,292
12/3/2017,28.8,20.7,15.4,74,0,4.7,292
12/4/2017,28.2,20.2,15.5,73,0,3,299
12/5/2017,27.1,19.6,15,68,0,2.3,296
12/6/2017,27.2,19.4,14.8,71,0,3.8,295
12/7/2017,28.5,20.4,14.6,65,0,2,289
12/8/2017,25.1,21,16.2,72,0,2,285
12/9/2017,22.1,20.4,19.6,96,0,3.2,282
12/10/2017,22.3,21,19.8,98,38,3.2,281
12/11/2017,23.4,21.9,20.5,97,43,3.3,298
12/12/2017,28.6,22.8,21.2,87,11,2,300
12/13/2017,24.2,20.8,19,95,0,2,301
12/14/2017,24,20.1,18.5,94,0,0,293
12/15/2017,27,20.7,17.5,88,0,2,277
12/16/2017,26.5,20,16.5,88,0,2,278
12/17/2017,25.2,19.2,15.9,86,0,3.5,296
12/18/2017,27.6,20.9,14.6,74,0,3,302
12/19/2017,26.5,20.9,16.7,71,0,6,294
12/20/2017,27.8,21.2,16.2,70,0,5,291
12/21/2017,28.6,20.9,16.3,74,0,4,306
12/22/2017,28.2,20.9,16.3,77,0,2,288
12/23/2017,27.3,20.5,16.4,80,0,3,299
12/24/2017,28,20.9,16.6,79,0,2,300
12/25/2017,27.2,20,16.3,77,0,2.2,297
12/26/2017,27.9,20.7,16,78,0,3,298
12/27/2017,28.3,20.7,15.6,78,0,2,295
12/28/2017,28.3,20.5,14.5,72,0,3.4,293
12/29/2017,27.7,20.5,15.9,70,0,4,275
12/30/2017,28.7,20.4,15.3,67,0,3.7,295
12/31/2017,30.2,21.7,14.5,69,0,2,296
1/1/2018,27.5,21.2,15.8,79,0,2.5,302
1/2/2018,25.5,21,18.8,83,0,3,298
1/3/2018,23.5,19,18.6,90,0,2,283
1/4/2018,26,19,13.6,79,0,3.5,294
1/5/2018,26.2,19,12.8,83,0,4,270
1/6/2018,24.3,17.9,15.1,82,0,2,293
1/7/2018,22.8,15.4,10.5,83,0,5,297
1/8/2018,23.5,15.3,8.8,83,0,8,300
1/9/2018,23.2,15.5,10.7,80,0,2.7,297
1/10/2018,23.3,15.8,11.1,78,0,2.3,286
1/11/2018,23.5,16.8,11.7,81,0,4,298
1/12/2018,23.2,16.4,12.9,86,0,4,275
1/13/2018,22,16.5,13,91,0,2,294
1/14/2018,25.1,18,13.5,81,0,4,290
1/15/2018,23.5,17,13.3,90,0,2,296
1/16/2018,22,17,14.3,92,0,3,300
1/17/2018,24.7,18.3,15,91,0,4,305
1/18/2018,25.5,18.5,14.8,93,0,4,299
1/19/2018,26.5,19.5,14.6,87,0,2,282
1/20/2018,25.5,18.7,13.8,86,0,2,305
1/21/2018,27,19.8,14.3,78,0,3.5,305
1/22/2018,27.4,19.8,15.2,79,0,3,300
1/23/2018,28,20.2,15.4,77,0,3,305
1/24/2018,27.2,20.2,15.2,74,0,2,302
1/25/2018,25.5,18.9,15.3,82,0,3,305
1/26/2018,26.3,18.2,14.5,71,0,2,286
1/27/2018,25,16.7,11.9,74,0,2,296
1/28/2018,23.8,15.9,9.7,73,0,2,298
1/29/2018,23.8,16.3,10.5,70,0,4,301
1/30/2018,24,16.7,11.7,69,0,2,307
1/31/2018,23.7,17.2,11.5,70,0,3.7,313
2/1/2018,24.2,18.7,14,72,0,2.7,305
2/2/2018,25,19.3,15,82,0,0,290
2/3/2018,24.9,19,14.8,87,0,3,304
2/4/2018,26,20.1,15.5,82,0,4,312
2/5/2018,27.9,21.7,16.7,81,0,2,314
2/6/2018,26.1,20.6,16.9,88,0,3,280
2/7/2018,26.2,20.4,17.9,84,0,4,300
2/8/2018,26.3,20.2,17.2,74,0,6,302
2/9/2018,27.2,20.3,14.2,65,0,2.5,296
2/10/2018,28.2,21.5,16.5,72,0,2,310
2/11/2018,29.5,20.8,15.3,67,0,4,305
2/12/2018,31.3,22.1,15.2,63,0,2,314
2/13/2018,30.2,22,15.4,70,0,2,316
2/14/2018,27.6,21.5,16.5,73,0,5,313
2/15/2018,28.2,20.9,15.5,70,0,4,308
2/16/2018,30.5,21.8,14.7,65,0,4,275
2/17/2018,29.2,21.4,15.3,71,0,2.7,308
2/18/2018,29.2,21.1,15.7,65,0,3,292
2/19/2018,29.7,21.7,16,58,0,3.5,293
2/20/2018,30,22.3,15.9,61,0,2.5,291
2/21/2018,30.9,22.4,17,62,0,2.8,299
2/22/2018,30.1,22.7,16.9,62,0,4.5,314
2/23/2018,30.4,23.4,18.1,67,0,4,300
2/24/2018,30.6,23.3,18.5,69,21,4.5,323
2/25/2018,31.8,24.8,18.5,65,0,3.5,316
2/26/2018,26.8,21.4,18,76,14,4,281
2/27/2018,29.1,22.8,17.9,70,4,3.2,321
2/28/2018,31,23.7,17.8,71,0,3.5,291
3/1/2018,31.2,23.9,18.5,64,0,3,325
3/2/2018,31.2,24.3,19,70,0,2,308
3/3/2018,30.9,25.3,20.4,74,0,3.3,316
3/4/2018,32.3,26.1,20.8,72,0,2,353
3/5/2018,29.6,25.3,21.6,78,0,3.5,338
3/6/2018,32.2,25.5,21.5,69,0,2,333
3/7/2018,32.6,24.3,18.5,58,0,2.5,343
3/8/2018,32.9,24.9,17.8,52,0,3,345
3/9/2018,33.7,24.3,17.8,59,0,2.7,285
3/10/2018,32,23.9,17.8,58,0,3.7,300
3/11/2018,32.1,24.4,18.1,55,0,4.2,336
3/12/2018,32,25.1,18.5,59,0,2.5,351
3/13/2018,22.6,20.1,20.4,72,0,8,305
3/14/2018,29.5,23.7,17.4,69,0,2,347
3/15/2018,31,25.8,21,73,0,2,347
3/16/2018,30,23.3,19.7,80,5,6.7,308
3/17/2018,31.7,25.1,20.6,71,11,2,354
3/18/2018,31,23.8,19.5,74,0,3.2,363
3/19/2018,32.5,25.1,19.2,62,0,4.3,363
3/20/2018,33.9,25.6,19.2,57,0,3.3,358
3/21/2018,33.7,25.7,20,55,0,2.3,357
3/22/2018,33.8,25.7,20.2,53,0,2,371
3/23/2018,31.7,25.7,20.3,70,0,2.5,365
3/24/2018,32.8,26.3,21.4,74,0,2.7,363
3/25/2018,34.3,27.5,21.2,64,0,5.5,364
3/26/2018,32,24.6,21.3,77,0,3,221
3/27/2018,30.1,24.5,20.1,71,25,3,336
3/28/2018,32.2,25.5,20.6,74,0,3.5,358
3/29/2018,32.3,23.3,20.1,77,9,3,363
3/30/2018,32,23.1,16.9,71,21,4,84
3/31/2018,27,21.8,18,77,23,8,280
4/1/2018,34,26.3,19.6,68,7,3,337
4/2/2018,33,27,20.8,74,0,3.7,354
4/3/2018,34.1,26.9,22.8,70,0,2,338
4/4/2018,32.8,26.5,20.9,68,0,3,374
4/5/2018,33.8,25.7,22.3,66,0,2,245
4/6/2018,27,22.9,20,84,10,2,313
4/7/2018,33.1,27,20.8,68,4,2.5,355
4/8/2018,30,24.9,23.3,85,0,2,327
4/9/2018,33.2,27,21.4,71,1,2,368
4/10/2018,28.8,23.7,19.5,82,51,3.7,341
4/11/2018,29,23.3,21.4,87,14,3.2,303
4/12/2018,32.4,26.4,20.5,74,17,3,322
4/13/2018,33.7,27.1,21.5,69,1,2,367
4/14/2018,28.5,24.8,19,78,0,3,340
4/15/2018,34,27.6,22,71,29,3,348
4/16/2018,34.5,27.7,21.9,62,0,2.7,389
4/17/2018,30.4,25.4,22.1,68,0,5.7,325
4/18/2018,32.2,26.1,21.2,74,0,2.5,370
4/19/2018,28.6,24.3,21.3,85,28,4,355
4/20/2018,28,24.3,21.4,86,15,4,313
4/21/2018,26.7,23.3,21.1,91,56,5.6,320
4/22/2018,27.8,24,21.4,89,36,4.5,348
4/23/2018,34.5,28.4,22.5,73,14,3,350
4/24/2018,32.5,26.5,19.4,70,0,3.5,385
4/25/2018,33.1,26.6,20,62,17,5.3,259
4/26/2018,30.7,25.4,21.5,66,2,4,300
4/27/2018,30.5,23.9,22,78,0,2.5,343
4/28/2018,33.6,26.9,20.5,67,2,4,362
4/29/2018,26.6,22.8,20.5,85,8,3.8,300
4/30/2018,22.5,20.9,20.5,96,18,3.8,301
5/1/2018,27,23.2,19.3,86,72,3.7,286
5/2/2018,29.5,24.5,21.9,81,0,4.7,268
5/3/2018,33.3,27,20.6,69,2,3,319
5/4/2018,27.5,22.8,22.8,91,0,4.5,271
5/5/2018,26.9,23.7,21.1,93,26,3.8,307
5/6/2018,30.5,25.1,22.5,90,7,4.2,323
5/7/2018,27.3,24.3,22,90,63,4,338
5/8/2018,25.4,24.2,22,90,17,4.2,327
5/9/2018,28.3,22.9,22.8,88,7,3.8,238
5/10/2018,25.6,21.9,19.8,90,18,4.5,275
5/11/2018,28.1,24.1,19.5,78,39,4.2,297
5/12/2018,30.5,26,19.5,75,2,3,360
5/13/2018,33.4,26.6,22.1,73,0,2.2,350
5/14/2018,32,27.2,22.6,72,0,3,340
5/15/2018,32.3,24.8,23.8,86,0,3.2,209
5/16/2018,30.4,25.2,21,78,38,2,360
5/17/2018,30,26.4,22.6,77,0,2.5,353
5/18/2018,28.8,25.4,24,86,0,3.5,350
5/19/2018,32.8,28,23.8,77,0,3,389
5/20/2018,33,28.4,23.8,74,0,4,388
5/21/2018,30.5,26.6,23.7,86,0,3.2,367
5/22/2018,32.7,27,24,87,55,2.2,79
5/23/2018,35,27.5,24.9,84,28,3.5,387
5/24/2018,26.7,25.2,25,94,6,2.5,364
5/25/2018,26.3,24.5,23,95,49,3.5,336
5/26/2018,33.1,26.6,22.1,89,98,2.7,352
5/27/2018,33.9,29,24.3,82,27,2.8,389
5/28/2018,33.2,27.9,23.2,83,0,4.5,423
5/29/2018,34,28.4,23,80,16,4,412
5/30/2018,35.4,29.4,25,73,0,2.5,361
5/31/2018,29.5,26.5,24.5,88,13,3,401
6/1/2018,34,28.7,24.5,79,7,2,402
6/2/2018,35,29.9,26,76,0,5,432
6/3/2018,34,28.5,24.5,82,44,2,447
6/4/2018,34.8,30.2,25,78,53,2,453
6/5/2018,35,29.8,25.5,77,0,2,450
6/6/2018,34,28.4,23.5,82,3,4.5,424
6/7/2018,35.5,30.4,25.5,77,3,2,459
6/8/2018,35.8,30.8,27,80,0,2.4,384
6/9/2018,37,31.6,27,70,0,2,436
6/10/2018,36.6,31.3,27.2,70,0,5.3,447
6/11/2018,30.2,26.8,25.9,91,2,3.4,408
6/12/2018,30,26.7,25.2,92,23,3.5,356
6/13/2018,30.6,26.9,25.4,93,102,7.3,423
6/14/2018,25,24.1,23,97,103,4.2,344
6/15/2018,27,25,23.4,95,141,2.2,351
6/16/2018,28.8,25.5,22.9,90,47,2,329
6/17/2018,29.5,25.4,22.9,92,3,3,340
6/18/2018,32,27.5,21.5,84,35,3.3,382
6/19/2018,32.2,27.4,23.4,84,58,2,392
6/20/2018,34,29.5,23.1,79,0,3.5,444
6/21/2018,33.5,28.4,25.9,88,1,7.5,439
6/22/2018,33.8,29.4,26.1,83,5,2,435
6/23/2018,33.9,28.6,27.1,83,11,8,398
6/24/2018,32,27.3,25.4,90,3,2.2,422
6/25/2018,27.8,26.2,25,96,60,4,426
6/26/2018,32.6,27.7,25,88,17,3,444
6/27/2018,34.2,28.6,25,82,11,3.5,408
6/28/2018,35.2,29.3,25.4,79,14,2,456
6/29/2018,32.9,27.7,26,88,5,3.2,456
6/30/2018,32.5,28.5,25.5,84,38,4.3,439
7/1/2018,34.4,28.8,25.5,81,9,7.5,433
7/2/2018,30.3,27.3,24.5,91,82,3.2,427
7/3/2018,28.9,26.6,25.2,95,11,2,400
7/4/2018,29.9,26.1,25.7,96,57,2,403
7/5/2018,30.5,26.7,25,93,66,3.3,433
7/6/2018,32.8,28.5,25.2,87,17,2,448
7/7/2018,33.8,29.3,26.2,83,12,2,453
7/8/2018,33.2,28.2,26,87,18,3,435
7/9/2018,35,29.7,26,79,3,2,448
7/10/2018,33.2,28.5,25.9,84,10,2.5,417
7/11/2018,34.7,30,26,79,5,2,467
7/12/2018,34.5,30,26.7,80,16,2.5,458
7/13/2018,33,28.3,25.8,87,2,2.5,429
7/14/2018,35.8,30.1,25.9,81,1,5.5,485
7/15/2018,36.5,30,25.4,79,48,2,437
7/16/2018,34,29.5,25.2,82,22,4,472
7/17/2018,35,29.8,26.9,79,1,5,455
7/18/2018,36.5,31.2,26.2,75,26,6,480
7/19/2018,38.3,33.4,28.6,73,0,2,493
7/20/2018,37.3,31.8,29.4,77,0,2.5,450
7/21/2018,33,27.5,26.2,89,25,2.5,445
7/22/2018,33.6,28.1,25,87,24,4,436
7/23/2018,29,27,26.3,93,8,2,416
7/24/2018,31.8,27,25.4,93,33,3,423
7/25/2018,31.8,27.6,25.3,91,53,4.5,418
7/26/2018,33.6,27.6,25.4,89,59,3,439
7/27/2018,32.8,28,25.5,89,14,2,429
7/28/2018,32.8,27.5,26.2,90,14,2,433
7/29/2018,32.8,28.5,25.8,86,24,2.5,443
7/30/2018,33,27.4,26.4,91,0,4,406
7/31/2018,32.5,27.8,25.6,88,17,3,410
8/1/2018,34.3,28.4,25.5,80,21,6.8,414
8/2/2018,30.2,25.7,24.4,93,3,4,398
8/3/2018,31.5,26.2,24.4,93,17,2,395
8/4/2018,33.5,29.5,25.1,81,18,3.5,451
8/5/2018,30.8,27.8,26.8,91,1,4,429
8/6/2018,34.5,29.9,26.4,76,46,2.5,465
8/7/2018,35.2,30.1,26.9,76,0,3,467
8/8/2018,35.4,29.4,25.8,81,6,4,456
8/9/2018,34.2,28.2,25,85,8,2.3,471
8/10/2018,35,29.6,25,82,21,2,473
8/11/2018,32.2,28.3,25.8,89,2,4,456
8/12/2018,32.2,28.5,25.5,89,63,2.3,446
8/13/2018,33.8,29.6,25.5,84,0,2.3,475
8/14/2018,35.9,29.4,25.5,81,20,2,464
8/15/2018,36.3,30.2,25.5,80,6,2,411
8/16/2018,34.5,30.1,26.2,79,11,2.5,480
8/17/2018,34.3,29.9,26,81,0,2,488
8/18/2018,37.8,31.8,28,79,1,2,496
8/19/2018,37,32,27.8,76,0,5,480
8/20/2018,35.9,29.7,27.8,81,0,2,458
8/21/2018,33.3,28.6,22.5,84,1,2,418
8/22/2018,32.5,28.8,26.4,84,2,2,427
8/23/2018,34,29.9,26.5,82,2,2.3,443
8/24/2018,30.3,27.2,23,92,7,2.6,414
8/25/2018,33.2,28.8,25,84,37,2,448
8/26/2018,32.8,28.1,25.6,86,37,4,461
8/27/2018,34,28.9,25,85,12,2,449
8/28/2018,34.8,28.7,25.5,83,7,2,440
8/29/2018,32.8,27.7,26.4,87,3,3,451
8/30/2018,33,28,25.9,88,29,2.5,458
8/31/2018,34.9,29.6,26,82,29,2.7,453
9/1/2018,32.4,27.7,25.2,87,115,4.3,438
9/2/2018,32,27.4,25.3,89,5,2.7,430
9/3/2018,33.2,29.3,25.7,82,3,4.3,455
9/4/2018,33.6,28,25.2,87,81,11,477
9/5/2018,34.5,29.3,24.9,82,38,3,449
9/6/2018,35,30.2,26.5,73,0,3.5,472
9/7/2018,34.8,29.4,26.6,75,0,2,456
9/8/2018,34.2,28.9,25.7,81,0,4,477
9/9/2018,33.5,28.8,26.6,83,0,2,465
9/10/2018,31.8,27.5,26.2,88,0,3,447
9/11/2018,30,26.6,25,92,1,3.5,417
9/12/2018,28.7,25.8,25.8,95,7,3,397
9/13/2018,30,26.3,23.5,91,103,3,439
9/14/2018,30.5,26.6,24.4,92,7,2.7,419
9/15/2018,34.7,29.7,24.5,79,4,3,476
9/16/2018,35.3,30,26.5,82,0,3,474
9/17/2018,34.8,29.4,26.9,89,0,2,482
9/18/2018,36.2,30.7,25.7,80,28,3.7,475
9/19/2018,33.3,29.1,24.8,81,0,6,477
9/20/2018,33.8,29.5,26.5,80,2,2.7,461
9/21/2018,35,29.2,25.4,78,0,2.5,457
9/22/2018,33,28,26.4,85,0,2,472
9/23/2018,33,28.4,25.4,84,0,2,467
9/24/2018,31,26.7,26.4,92,1,2,435
9/25/2018,29,26.3,22.5,91,48,8,417
9/26/2018,32.2,28.1,23.5,86,8,3.5,432
9/27/2018,31.2,27.4,26,90,0,3,430
9/28/2018,32.8,27.8,25,88,1,4,454
9/29/2018,33.6,28.9,25.6,83,0,2,466
9/30/2018,34,28.7,25.5,85,0,3,465
10/1/2018,34.2,28.4,24.2,80,36,2,473
10/2/2018,34.9,28.5,24.4,78,0,6,462
10/3/2018,34.6,28.6,24.4,76,0,2,458
10/4/2018,33.2,27.9,24.9,76,0,2,455
10/5/2018,33.9,28.3,24.1,80,0,4.5,436
10/6/2018,34,28.2,24.2,78,0,5.5,428
10/7/2018,32.7,28.2,24.4,80,0,2,442
10/8/2018,32.6,27.7,24.3,81,0,3,446
10/9/2018,33,27.7,23.9,78,0,5.3,434
10/10/2018,28.5,24.6,23.5,90,0,4.7,377
10/11/2018,27.2,24.7,22.5,90,20,3.7,364
10/12/2018,27,23.7,23.2,92,2,3,275
10/13/2018,23.8,22.2,20.4,97,35,3,305
10/14/2018,30.5,24.9,21.5,88,37,2,340
10/15/2018,27.6,23.9,22.5,91,0,2.7,343
10/16/2018,32,24.5,19.6,77,0,2,344
10/17/2018,31.2,24.6,19.8,75,0,2.5,329
10/18/2018,30.6,24.6,20.3,78,0,2.7,345
10/19/2018,31.5,25.1,21,79,0,2,330
10/20/2018,32,25.4,21.4,81,0,2,363
10/21/2018,32.5,26.2,21,77,0,3.5,370
10/22/2018,33.3,26.5,22,76,0,2,367
10/23/2018,32,26,22.2,77,0,2,376
10/24/2018,31.5,25.3,21.6,78,0,2,377
10/25/2018,33,26.2,20.8,75,0,2.7,379
10/26/2018,31.7,26.3,21.8,76,0,3,375
10/27/2018,34,26.9,21.6,73,0,3,423
10/28/2018,23.3,21.3,21.4,94,0,3.3,303
10/29/2018,29.5,24.1,20.3,83,9,3.5,325
10/30/2018,29.5,24.8,21.9,86,0,2.3,342
10/31/2018,32.3,25.7,21.4,76,0,3.7,339
11/1/2018,32.2,25.8,21,69,0,3.5,356
11/2/2018,32.9,25.7,21,70,0,4.5,352
11/3/2018,30.9,24.9,20.9,81,0,2.8,366
11/4/2018,30.6,25,21.3,83,0,4,328
11/5/2018,27.9,24.1,21.4,88,39,2.6,354
11/6/2018,28.7,24,21,88,0,4,343
11/7/2018,29.1,23,19,78,0,2.2,327
11/8/2018,30.6,23.1,17.5,73,0,2,328
11/9/2018,29.5,23.5,18.9,80,0,2,306
11/10/2018,30.1,23.8,19.2,79,0,2.5,339
11/11/2018,30.5,23.6,19,78,0,2.5,321
11/12/2018,30,23.3,18.5,77,0,2.5,320
11/13/2018,30.5,23.2,18.2,76,0,2,331
11/14/2018,29.2,22.9,18.6,81,0,2,328
11/15/2018,28.8,22.7,18.4,81,0,3,329
11/16/2018,27.8,22.6,19.5,83,0,3.8,288
11/17/2018,28,22.6,20.4,85,0,2,319
11/18/2018,28.8,21.9,18.2,84,0,2.5,318
11/19/2018,28.8,21.2,17.4,76,0,5,312
11/20/2018,27.8,20.4,16.6,80,0,4,313
11/21/2018,28.7,21.1,16.2,78,0,3,305
11/22/2018,29.3,21.4,16.3,77,0,3.5,317
11/23/2018,28.8,21.1,16.9,75,0,3.4,298
11/24/2018,29.4,21.6,16.5,73,0,3,306
11/25/2018,29,21.8,16.4,74,0,4.5,314
11/26/2018,28.3,21.1,17.2,72,0,4.2,315
11/27/2018,29.8,21.6,15.5,71,0,4,312
11/28/2018,30.7,21.7,16.3,70,0,5,316
11/29/2018,29.8,21.6,15.8,72,0,4.3,307
11/30/2018,30.2,21.2,16,69,0,2.7,293
12/1/2018,28.2,20.6,16.4,73,0,6,309
12/2/2018,29.2,21.4,15.8,69,0,2,306
12/3/2018,27.9,20.1,15.5,77,0,2.5,314
12/4/2018,29,20.9,15.1,74,0,2,303
12/5/2018,29,21.2,16,76,0,4,306
12/6/2018,27.7,20.7,16.8,80,0,3.5,316
12/7/2018,28.2,20.1,16.1,76,0,2.8,288
12/8/2018,28.2,20.6,15,69,0,4,320
12/9/2018,28.2,19.8,14.6,73,0,2,290
12/10/2018,28.3,20.2,13.7,68,0,2,316
12/11/2018,30.2,22.1,15.1,70,0,5,323
12/12/2018,29.3,21.9,17,78,0,2,312
12/13/2018,28.8,21.8,17,75,0,3,313
12/14/2018,29.3,21.7,17.9,79,0,3,295
12/15/2018,27,21.6,16.9,77,0,2.4,315
12/16/2018,28,21.9,18.5,78,0,3.5,295
12/17/2018,25.6,21.3,18.5,78,0,5,299
12/18/2018,18,17.3,16.4,96,12,6.2,279
12/19/2018,21.2,18.1,16.3,92,17,2,311
12/20/2018,26,19.7,14.6,85,0,3,307
12/21/2018,25.8,18,14.4,87,0,5,290
12/22/2018,27.5,19.2,13,74,0,2,310
12/23/2018,26.9,19.1,13.9,74,0,4,312
12/24/2018,27.4,19.3,13.9,73,0,2.7,308
12/25/2018,26.7,18.9,14.4,78,0,2,317
12/26/2018,26.9,19.3,14.4,76,0,3.5,312
12/27/2018,26.5,18.2,14.2,77,0,3.5,309
12/28/2018,24.8,17.8,13.5,74,0,2,293
12/29/2018,23.8,16.3,12.3,81,0,2,296
12/30/2018,27,18.5,11.4,66,0,3.5,258
12/31/2018,26.5,18,12.8,65,0,5,292
1/1/2019,28.3,18.6,12.3,59,0,3,308
1/2/2019,27.5,18.6,12.9,69,0,2,309
1/3/2019,26.9,17.9,13.2,75,0,5,310
1/4/2019,26,18.1,12.3,67,0,3,300
1/5/2019,26.8,18.6,12.5,67,0,2.2,320
1/6/2019,27.8,18.6,13.3,70,0,2,311
1/7/2019,28.3,19.5,12.8,66,0,4,308
1/8/2019,27.4,18.5,12.5,76,0,2,311
1/9/2019,27,18.7,13.5,76,0,3,299
1/10/2019,26,18.5,13.5,80,0,3.2,306
1/11/2019,27.2,18.8,13.2,72,0,2.7,306
1/12/2019,27.3,19,13.5,70,0,2,315
1/13/2019,27.7,19.5,13.5,70,0,2,311
1/14/2019,26.5,18.8,13.1,74,0,2,311
1/15/2019,27.1,18.7,13.7,76,0,3.2,299
1/16/2019,28.4,19.2,12.7,70,0,3.5,309
1/17/2019,28,19.5,14,67,0,2,310
1/18/2019,27.5,18.7,13.6,70,0,3.8,299
1/19/2019,27.8,18.9,13.2,69,0,5,327
1/20/2019,27.9,19.1,13.4,71,0,2,314
1/21/2019,28.6,19.8,13.8,70,0,2.5,320
1/22/2019,29.1,20.4,14.4,67,0,2.7,306
1/23/2019,29.5,20.1,14.8,69,0,3.3,320
1/24/2019,29,20.5,14.7,69,0,4,310
1/25/2019,29.9,21,15.5,67,0,4,301
1/26/2019,30.2,22.1,16,68,0,2,319
1/27/2019,30.2,22.1,17,67,0,2,314
1/28/2019,27,21.1,17.4,74,0,3,316
1/29/2019,27.7,20.3,16.2,72,0,4,307
1/30/2019,25.8,17.8,12.8,69,0,2,258
1/31/2019,29,19.6,12.5,63,0,2,318
2/1/2019,30.5,21,14,60,0,3.3,306
2/2/2019,29.5,20.6,15,65,0,3,313
2/3/2019,28.6,19.8,14.2,66,0,3,322
2/4/2019,28.8,20.1,13.6,65,0,3.3,321
2/5/2019,29.8,20.2,13.7,68,0,4,322
2/6/2019,28.5,20.1,14.4,65,0,2,334
2/7/2019,29.4,20.7,14.8,63,0,4,331
2/8/2019,29.9,22.4,16,62,0,3,313
2/9/2019,29.2,22.9,18.5,66,0,6.5,325
2/10/2019,28.7,20.7,17.6,57,0,2.5,326
2/11/2019,29.5,21.2,13.7,56,0,2,327
2/12/2019,29.8,21.1,13.2,64,0,2,325
2/13/2019,31.1,21.6,15,63,0,2,328
2/14/2019,30.5,21.9,14.9,63,0,3,305
2/15/2019,30.8,22.6,15.5,66,0,2.7,301
2/16/2019,25.9,20.8,17,74,0,2,326
2/17/2019,21.8,17.8,15.1,89,0,3,307
2/18/2019,27,20,14.6,69,9,3.3,311
2/19/2019,28.8,21,14,63,0,5,311
2/20/2019,27.3,20.7,16.1,77,0,2,319
2/21/2019,29.3,22.3,17.2,75,0,3.5,315
2/22/2019,29.6,22.6,17.3,72,0,2,302
2/23/2019,28,22.4,19,84,0,3,324
2/24/2019,30.4,22.3,20.2,70,0,4,324
2/25/2019,24.8,19.4,14.6,70,0,3.5,314
2/26/2019,27.5,20.7,16.5,75,1,5,310
2/27/2019,24.1,19.4,17.2,89,0,3.3,254
2/28/2019,24,19,16.8,88,19,2,284
3/1/2019,26,18.8,15.3,70,16,2,314
3/2/2019,28.2,20.5,13.2,61,0,4,311
3/3/2019,28.8,21.5,14.4,64,0,8,322
3/4/2019,27.5,21.3,16.1,68,0,6,313
3/5/2019,23.6,20,17,85,3,2.7,320
3/6/2019,29.3,23.1,18.2,75,0,2,314
3/7/2019,29.3,22.3,19,74,0,4.5,301
3/8/2019,29.6,22.1,17.2,62,0,5.7,332
3/9/2019,29.2,21.8,14.6,57,0,2,304
3/10/2019,30.3,23.1,15.8,59,0,4,343
3/11/2019,31.2,24.3,17.9,71,0,4,340
3/12/2019,30.4,24.6,19.2,76,0,3,373
3/13/2019,33.5,26.4,21.5,73,0,3,376
3/14/2019,33.7,26.6,21.1,63,0,2,368
3/15/2019,31.6,26.1,21.7,68,0,2,393
3/16/2019,34.3,26.9,21.7,66,0,2,366
3/17/2019,34.6,27.5,21.4,62,0,2.8,348
3/18/2019,30.5,24.1,21,72,0,2,350
3/19/2019,31.4,25,19.4,71,0,2,355
3/20/2019,32.5,25.3,20,66,0,2.5,369
3/21/2019,32,25.3,20.7,69,0,2,304
3/22/2019,29,23.5,19.5,79,0,4,354
3/23/2019,31.4,24.9,19.6,73,20,2,356
3/24/2019,33.4,25.4,19.6,54,0,3,375
3/25/2019,34.5,25.9,19.4,50,0,4.3,301
3/26/2019,34.2,27.1,20.5,47,0,3,321
3/27/2019,31.3,24.4,20.2,60,0,4.7,372
3/28/2019,32,25.6,18.7,58,0,4,373
3/29/2019,33.7,27.4,20.5,56,0,3,423
3/30/2019,34.8,28,23.4,57,0,2,99
3/31/2019,31,22.7,23,80,0,6.2,328
4/1/2019,28.8,22.8,17.8,75,24,2.7,139
4/2/2019,29.6,21.8,19.5,83,25,5,349
4/3/2019,31.8,24.8,17.5,66,7,2,351
4/4/2019,32.4,25.8,20.6,73,0,2,363
4/5/2019,29.9,24.3,19.5,82,41,2,395
4/6/2019,31.8,25.8,20.6,79,9,12,361
4/7/2019,29.4,23.5,19.2,81,15,2,309
4/8/2019,28.1,23.2,20.5,79,0,2.7,268
4/9/2019,24,20.4,19.5,87,0,4,333
4/10/2019,30.4,24.4,18.2,69,18,4.5,416
4/11/2019,33.2,27.1,20.6,64,0,3,402
4/12/2019,34.2,27.9,23.5,71,0,3,438
4/13/2019,35,29.2,23.9,69,0,3,425
4/14/2019,34.6,28.7,24.6,67,0,2,314
4/15/2019,31.5,25.6,18.6,76,0,2,437
4/16/2019,34,28.9,19.5,74,35,2,352
4/17/2019,33.1,26.8,19.3,76,15,3.8,418
4/18/2019,33.8,28.1,23.5,69,0,6,430
4/19/2019,34.7,28.9,22.8,65,0,3,310
4/20/2019,34.2,25.8,24.5,65,0,5,413
4/21/2019,35.9,28.1,20.5,55,0,10,382
4/22/2019,34.8,25.8,23,69,0,6.5,428
4/23/2019,35.9,28.3,21,58,0,3.5,460
4/24/2019,36.6,29.6,22.8,61,0,3,472
4/25/2019,36.7,30.4,24.4,62,0,2.5,463
4/26/2019,36.1,30.4,25.8,62,0,2,451
4/27/2019,31.2,27.7,26.5,81,0,3.3,308
4/28/2019,31.8,24.3,22.3,82,60,4,443
4/29/2019,31.2,26.1,20.5,83,38,6.5,410
4/30/2019,30.1,26.4,20.6,82,62,4,359
5/1/2019,33.2,27.8,23,83,1,3,407
5/2/2019,33.7,27.7,23.6,83,34,3,293
5/3/2019,31.7,26.2,25.3,88,4,3.2,120
5/4/2019,25.7,24.1,22.5,94,28,9,419
5/5/2019,32.3,27.3,22.5,80,54,4.7,460
5/6/2019,31.2,26.5,22.4,83,21,4,478
5/7/2019,33.6,28.2,21.3,76,31,2,490
5/8/2019,34.1,28.5,22.3,80,41,3,441
5/9/2019,33.8,28.5,22.8,80,11,2.7,447
5/10/2019,35,30.2,25,75,19,9.7,505
5/11/2019,35.6,28.8,24.7,74,0,2,493
5/12/2019,33.1,28.6,21.3,77,19,2,277
5/13/2019,33.1,27.5,21.2,79,10,4,445
5/14/2019,33.3,27.4,22.1,76,25,2.7,446
5/15/2019,32.5,26.9,22.4,80,13,2.7,468
5/16/2019,30.2,26.6,22.5,82,37,4,200
5/17/2019,29.2,25.3,23.8,89,18,3.3,412
5/18/2019,30.2,25.8,22.1,87,43,3.3,473
5/19/2019,32.4,28.2,22.5,76,4,2,476
5/20/2019,35.7,30.5,25.5,76,0,2.5,521
5/21/2019,35.7,29.5,24.9,78,0,2,472
5/22/2019,32.6,28,23.8,78,58,2.5,453
5/23/2019,28.8,24.6,22.4,87,13,3,322
5/24/2019,25.2,23.3,22.5,94,34,2.5,381
5/25/2019,31.6,25,22.4,88,28,2,494
5/26/2019,30.3,26.9,23.5,86,20,3,499
5/27/2019,33.3,28.2,23.2,78,30,2,511
5/28/2019,34.5,28.9,22.4,73,27,3,529
5/29/2019,35,29.8,23.1,75,0,2,433
5/30/2019,33.8,29.3,21.6,75,10,3,469
5/31/2019,31.9,27.3,23,79,20,4.3,462
6/1/2019,30.8,26.5,24,85,3,2,436
6/2/2019,31.9,27.3,23,87,2,3,339
6/3/2019,29.3,25.8,25.5,89,6,2.7,361
6/4/2019,26,24,22.7,96,37,5,442
6/5/2019,30.7,26.5,23.5,89,107,3.5,426
6/6/2019,35.3,30.4,24.2,74,5,2,450
6/7/2019,30.8,27.3,26,88,47,4,460
6/8/2019,33.7,28.7,25.5,83,4,2,492
6/9/2019,32.8,28.2,26.4,89,1,2.7,466
6/10/2019,34.2,27.9,25.5,89,7,4,481
6/11/2019,36,29.9,24.8,78,30,10,519
6/12/2019,37,31.9,25.5,73,0,6,453
6/13/2019,36.4,31.3,28,79,0,4,446
6/14/2019,29.8,27.5,25.4,92,73,2,510
6/15/2019,32.8,27.6,25.5,91,14,2.5,481
6/16/2019,31.5,28.1,26.5,89,2,9.5,509
6/17/2019,31.3,27.8,23.1,89,18,2,500
6/18/2019,35.5,30.5,24,80,8,2,522
6/19/2019,36.5,31.2,26.8,76,0,8,470
6/20/2019,34.8,29.3,26,84,52,2.3,505
6/21/2019,34,29.5,26.5,86,20,2,521
6/22/2019,34.7,30.2,27,82,2,2,549
6/23/2019,36,31.9,28,71,0,4,478
6/24/2019,36.2,31.2,27.5,76,0,2,392
6/25/2019,32.9,28.5,28.8,89,0,2.7,406
6/26/2019,30.8,26.3,25,96,88,4,352
6/27/2019,26.6,25.2,24.6,96,108,2,497
6/28/2019,25.8,24.9,23.3,98,73,2.5,480
6/29/2019,34.3,29.2,24.3,83,82,2,507
6/30/2019,34.5,30,26.7,82,0,4,508
7/1/2019,35.8,30.2,26.5,79,22,3,497
7/2/2019,36.4,31.5,26.6,69,0,2,508
7/3/2019,34.6,30.5,26,74,1,2,513
7/4/2019,35.3,30.3,27,81,4,2,454
7/5/2019,34.8,30.3,27.4,81,0,5,476
7/6/2019,34.2,28.1,26.2,91,10,3,423
7/7/2019,31.5,27.4,26,92,32,5,440
7/8/2019,29,27,26,93,17,3.5,433
7/9/2019,28.5,26.9,25.8,93,34,3,368
7/10/2019,30,27.1,26.4,94,10,3.3,366
7/11/2019,27,25.2,24,97,57,4.5,380
7/12/2019,29,25.4,24.2,97,56,4,391
7/13/2019,30,25.7,24.5,97,114,4,377
7/14/2019,27.4,25.4,24.3,96,21,3,477
7/15/2019,25.7,24.9,23.9,96,18,5,503
7/16/2019,31.7,27.5,24.1,88,34,4,474
7/17/2019,34.7,29.9,25,85,5,3.8,478
7/18/2019,36.3,31,26.7,78,0,4,518
7/19/2019,36.5,29.6,26.9,83,0,4,515
7/20/2019,34.8,29.2,26.4,86,11,2.3,477
7/21/2019,33,27.8,25.8,91,39,4,471
7/22/2019,31.9,27.6,24.5,93,90,2,466
7/23/2019,32,28.2,26.4,87,41,3.5,489
7/24/2019,29.9,27,24.4,93,50,2.7,453
7/25/2019,33.1,28.5,25.9,86,9,3,462
7/26/2019,32.4,28.4,25.7,83,2,5.7,504
7/27/2019,33.2,28.8,25.8,82,10,3,520
7/28/2019,36,30.5,26,75,0,3,464
7/29/2019,34.2,29.7,26.5,79,4,4,483
7/30/2019,33.1,28.1,26,85,6,5.5,501
7/31/2019,32,27.6,26.2,88,0,4,375
8/1/2019,34,29.2,25.4,82,45,4,520
8/2/2019,35.4,30.3,26.9,79,3,7,541
8/3/2019,35.1,29.6,25.8,81,17,2.7,547
8/4/2019,35.9,30.4,26.4,81,26,2,510
8/5/2019,36.6,32.4,27.4,75,2,2,520
8/6/2019,37,32.3,28.1,68,0,3.7,509
8/7/2019,36.5,30.1,27.8,77,0,7,524
8/8/2019,34.3,29.1,26.5,84,1,4,493
8/9/2019,34,29.5,26.5,81,7,2,501
8/10/2019,33.6,29.9,26.9,82,4,3,357
8/11/2019,37,32.2,27.6,74,0,4,400
8/12/2019,37.9,31.8,28.8,72,0,4.5,466
8/13/2019,35.3,28.3,24.5,84,37,3.3,424
8/14/2019,31.4,28.3,25.7,90,18,6,445
8/15/2019,32,27.2,25.8,93,10,10,488
8/16/2019,30.3,27,25.8,94,11,4,495
8/17/2019,32.3,28,25,90,100,2,496
8/18/2019,32,27.9,26,90,6,5,504
8/19/2019,34,29.4,26.3,84,9,2,503
8/20/2019,32.8,28.8,25.7,85,16,4,498
8/21/2019,35.8,30.7,26.6,80,0,2,468
8/22/2019,36.2,30.6,27.4,80,0,3,512
8/23/2019,32,28.2,25.6,87,29,2,535
8/24/2019,32.6,28.2,25,86,8,3,526
8/25/2019,35.9,30.3,25,80,15,3,498
8/26/2019,35.2,30.4,27.7,78,0,2,554
8/27/2019,35.4,30.4,25.4,78,11,3,530
8/28/2019,32,28.9,25.5,86,71,2,524
8/29/2019,35,30.7,26.5,78,0,2,534
8/30/2019,35.7,30.9,28,80,0,2,491
8/31/2019,32.5,28.7,25.8,87,0,2,548
9/1/2019,37.8,31.7,27,75,6,3,555
9/2/2019,35.4,31.4,27.5,74,0,3,533
9/3/2019,36.5,31,26.7,77,0,2,501
9/4/2019,34,29.3,25.7,83,45,5,503
9/5/2019,35.1,29.6,25.4,82,5,3,504
9/6/2019,35.2,30.2,26.3,80,2,3,503
9/7/2019,35.5,29.1,26.1,82,2,2,509
9/8/2019,32.1,27.8,26.4,92,39,2,523
9/9/2019,30,27.7,26,93,18,2,477
9/10/2019,32.7,28.5,26.6,89,25,3,461
9/11/2019,34,28.7,26.5,84,3,2.5,505
9/12/2019,32.1,27.3,25.8,92,16,4,538
9/13/2019,31.7,27,25.3,91,28,4,506
9/14/2019,32.6,28.7,25.5,84,55,4.5,524
9/15/2019,32.7,28.9,26.3,85,0,4,539
9/16/2019,32,28.3,26,87,0,2.8,534
9/17/2019,33.1,29.1,25.9,83,1,2,519
9/18/2019,35.3,30.2,26,77,0,3,532
9/19/2019,35.6,30.3,26,77,0,4,477
9/20/2019,35.5,30.2,26.4,77,0,2.7,356
9/21/2019,35.8,29.8,26,79,0,2.8,406
9/22/2019,33.8,28,25.4,87,5,4.3,479
9/23/2019,31.5,27.4,24.7,86,36,3,471
9/24/2019,30.3,26,24.3,90,10,3.5,467
9/25/2019,26.8,25,23.5,95,8,2,415
9/26/2019,32.8,27.9,23.6,82,5,5,441
9/27/2019,32.5,27,23.7,87,0,3.5,381
9/28/2019,31.3,26.9,24,90,0,2,408
9/29/2019,33.3,26.8,24.1,83,0,4,465
9/30/2019,30.3,26.3,23.8,88,0,2,473
10/1/2019,25.5,24.2,24.2,97,6,5,474
10/2/2019,28,25.3,23.1,94,122,4,466
10/3/2019,31.5,27.1,23.9,87,54,2,470
10/4/2019,32.8,27.7,24,87,0,2,434
10/5/2019,31.8,26.9,25,88,0,3,365
10/6/2019,32.8,28.2,24.2,84,73,5,364
10/7/2019,33,27.7,24.3,83,0,5,424
10/8/2019,30.2,26.2,23.9,88,0,2,455
10/9/2019,33.3,27.2,24,81,0,2,467
10/10/2019,27.7,24.5,23,92,2,2.5,494
10/11/2019,31,26.5,23.4,85,5,3,490
10/12/2019,34,27.5,23.3,79,0,2,475
10/13/2019,34.5,28.2,23.5,75,0,3,472
10/14/2019,33.8,28.5,23.4,76,0,5,467
10/15/2019,35.2,29.2,24,75,0,4,467
10/16/2019,33.8,27,23.1,80,0,3.3,502
10/17/2019,34.1,28.4,23.9,78,0,2.3,475
10/18/2019,34.6,28.8,24.5,76,0,2,462
10/19/2019,35.2,29,24.2,76,0,4,447
10/20/2019,33.8,28.2,24,77,0,3,343
10/21/2019,33.2,28.4,24.5,75,0,3,321
10/22/2019,32.5,27.4,25.5,77,0,4,341
10/23/2019,32.6,27,22.5,76,0,5,358
10/24/2019,24.9,22.8,22.4,92,0,6,387
10/25/2019,24,22.4,21,92,10,5,409
10/26/2019,25,23.7,21,97,50,4,427
10/27/2019,29,24.7,22.7,88,26,4,413
10/28/2019,32.8,26.3,22,86,0,3,375
10/29/2019,32.9,27,21.6,84,0,3,418
10/30/2019,32.7,26.9,22.6,77,0,1,427
10/31/2019,32,26,21.8,76,0,2,418
11/1/2019,32,25.9,20.8,77,0,2,399
11/2/2019,32.5,26.8,21,76,0,2,397
11/3/2019,32.8,26.8,22,80,0,2,384
11/4/2019,32.4,26.3,22.9,81,0,2,372
11/5/2019,30.5,25.1,21,85,0,2,348
11/6/2019,30.7,25.1,21.2,83,0,3.5,324
11/7/2019,30.3,25,21.2,79,0,3.3,341
11/8/2019,32.5,26.4,20.5,74,0,2,342
11/9/2019,26.4,24.2,23.1,93,2,2,376
11/10/2019,24.5,23.1,22.1,93,6,3.7,381
11/11/2019,26.8,23.9,22.4,90,1,2,356
11/12/2019,31.1,24.8,21.2,82,0,2,365
11/13/2019,32,25.5,20.5,77,0,2,316
11/14/2019,32.2,25.5,20.6,75,0,2,345
11/15/2019,32.3,24.8,20,79,0,3,349
11/16/2019,31,24.4,19.5,82,0,6,329
11/17/2019,30,24.2,20,79,0,2,329
11/18/2019,30.2,23.7,19.5,79,0,2,320
11/19/2019,29.4,23.4,19.4,81,0,2,328
11/20/2019,29.2,23.1,19.5,77,0,2,327
11/21/2019,28.8,22.1,17.7,75,0,4,328
11/22/2019,29,21.8,17.2,76,0,4,338
11/23/2019,28.9,21.4,16.3,79,0,3,334
11/24/2019,28.9,22.2,17.3,78,0,2,339
11/25/2019,29.5,22.7,17.7,78,0,6,316
11/26/2019,29,22.7,18.6,78,0,3,342
11/27/2019,30.3,23.2,18.1,74,0,3,323
11/28/2019,30.7,23,18,73,0,2.5,319
11/29/2019,30.6,22.8,18.4,79,0,3.5,321
11/30/2019,29.7,22.5,16.9,76,0,4,325
12/1/2019,28.7,21.7,17.6,79,0,1.5,327
12/2/2019,27.8,20.6,17.1,79,0,1,310
12/3/2019,27,19.8,16.2,78,0,1.7,334
12/4/2019,28.2,21,16,74,0,3.5,328
12/5/2019,29.3,22.1,17,67,0,5.7,325
12/6/2019,29,21.1,15.6,64,0,4,331
12/7/2019,29,20.7,15,65,0,2,326
12/8/2019,28.6,21.2,15.7,71,0,6,325
12/9/2019,27.7,20.6,15.8,79,0,1,286
12/10/2019,26.2,19.9,16.3,81,0,1.3,318
12/11/2019,25.6,19.6,16,82,0,2.7,324
12/12/2019,27.2,20.1,15.2,76,0,2,303
12/13/2019,27.3,19.9,15.3,73,0,1.5,318
12/14/2019,28,21,15.2,68,0,2.7,319
12/15/2019,27,20.4,15.1,78,0,2,312
12/16/2019,25.2,19.7,16,85,0,2,293
12/17/2019,26.5,19.6,15.4,79,0,2.3,329
12/18/2019,27.2,20,14.8,74,0,1.5,313
12/19/2019,23,17.9,15.8,84,0,3.8,332
12/20/2019,22.6,17.8,15,83,0,4,312
12/21/2019,22.7,16,13.5,93,0,2,313
12/22/2019,22.5,17.4,14.5,82,0,3,320
12/23/2019,22.2,17.1,13.8,84,0,2,294
12/24/2019,24.8,18,12.1,83,0,3,320
12/25/2019,24.7,18,15.5,81,0,3,310
12/26/2019,25.2,17.5,12.4,75,0,2.8,319
12/27/2019,20,15.7,13.2,87,0,3.3,319
12/28/2019,25,17.5,11.9,79,0,2.5,318
12/29/2019,26.6,18.6,13.5,63,0,5.7,320
12/30/2019,27.2,19.1,12.7,61,0,7,294
12/31/2019,28.8,21.1,13.5,55,0,4,307
1/1/2020,24.8,19.7,16.4,72,0,4,307
1/2/2020,27.7,21.2,16,70,0,2.4,319
1/3/2020,21.7,18,16.4,91,1,4,329
1/4/2020,25,18.9,17,85,12,1,323
1/5/2020,21.1,17.4,15,93,0,2,301
1/6/2020,23.4,17.1,14.4,82,5,3.5,319
1/7/2020,21.8,16,12.3,89,0,2,317
1/8/2020,23,17.2,13.8,83,0,2,316
1/9/2020,19.2,16.1,14.4,91,0,2,321
1/10/2020,26,18,12.4,76,0,5,317
1/11/2020,22.8,16.6,12.8,89,0,4,319
1/12/2020,25.3,17.8,12.4,81,0,1.5,310
1/13/2020,23.7,17.1,13.8,90,0,6,331
1/14/2020,23.6,16.8,14.5,90,0,3.5,315
1/15/2020,26,18.7,12.6,83,0,3,327
1/16/2020,26.9,19.7,14.5,76,0,3,322
1/17/2020,28.6,20.2,14.9,71,0,3.5,322
1/18/2020,29,20.7,14.8,73,0,1.5,321
1/19/2020,28.2,21,16.5,76,0,2.3,313
1/20/2020,23.8,18.8,17.2,82,0,2,324
1/21/2020,24.8,16.7,11.5,71,0,4,311
1/22/2020,25.5,16.6,9.9,61,0,2,329
1/23/2020,24.4,16.7,10,69,0,4,310
1/24/2020,24.7,16.8,11,66,0,3.2,317
1/25/2020,25,17,11,67,0,2,319
1/26/2020,23.6,16.6,11.5,77,0,2,310
1/27/2020,23.1,16.6,12.1,84,0,2,322
1/28/2020,26.3,17.5,12.8,76,0,3,323
1/29/2020,25,18,12.5,77,0,4,310
1/30/2020,26.2,19.4,14.2,74,0,2.7,314
1/31/2020,25.8,19.3,15.4,80,0,2,326
2/1/2020,26,19.3,14.4,78,0,3.5,312
2/2/2020,25,16.7,14,71,0,6.5,313
2/3/2020,24.8,16.6,9.4,67,0,4.3,334
2/4/2020,25.6,18.4,11.5,66,0,2.5,325
2/5/2020,26.2,18.1,12.5,67,0,4,316
2/6/2020,27.1,18.6,12.1,60,0,6,319
2/7/2020,25.8,18.7,11.4,62,0,3,326
2/8/2020,26.6,19.9,13.5,66,0,4.5,328
2/9/2020,27.9,20.4,15.9,64,0,6,308
2/10/2020,27.8,20.3,14.5,70,0,3,327
2/11/2020,28.2,20.3,14,69,0,5,333
2/12/2020,28.8,20.8,14.1,65,0,4,320
2/13/2020,27.5,20,15.4,71,0,5,323
2/14/2020,26.8,19.2,14.2,68,0,5,325
2/15/2020,25.9,20.8,15.5,74,0,2,331
2/16/2020,28.2,21.2,16.5,77,0,3.3,306
2/17/2020,29.6,22.4,17,75,0,2,346
2/18/2020,30,21.2,17.5,78,0,2,329
2/19/2020,29.4,21.5,16.8,69,0,3,350
2/20/2020,29.3,21.6,16.5,66,0,4,350
2/21/2020,32.1,23.3,16.7,60,0,4.7,323
2/22/2020,33.2,24.1,16.8,52,0,2.6,325
2/23/2020,30.8,24.1,18.3,61,0,4,293
2/24/2020,30.2,23.4,19,70,0,4,341
2/25/2020,26.5,21.6,19,70,0,8.7,350
2/26/2020,25.4,20.3,17.3,72,1,3,337
2/27/2020,27.5,19.8,14.4,78,2,2.2,347
2/28/2020,30.9,22.5,14.7,62,0,3.5,345
2/29/2020,32.4,23.5,16.2,57,0,3.5,287
3/1/2020,33,23.6,16.2,59,0,4,320
3/2/2020,31.2,24.5,16.7,60,0,4,320
3/3/2020,30.2,23.2,17.5,65,0,6,333
3/4/2020,32.8,24.3,17.4,59,0,2.8,337
3/5/2020,29.9,23.2,17.9,71,5,3.5,334
3/6/2020,29.4,21.9,19.2,78,0,2,357
3/7/2020,23.5,19.8,18,88,7,1.8,365
3/8/2020,28.7,22.1,17.4,82,5,4,366
3/9/2020,29.5,22.5,16.9,69,1,4,379
3/10/2020,30.5,23.4,16.9,64,0,2.5,386
3/11/2020,30.2,23.3,16.9,60,0,2.6,357
3/12/2020,32.9,25.3,18.3,56,0,4.3,369
3/13/2020,34.5,26.5,19.6,59,0,3,361
3/14/2020,34.7,27,20.5,63,0,5,348
3/15/2020,32.7,25.7,20.5,68,0,7.6,369
3/16/2020,32.8,25.2,19.5,65,0,2.7,328
3/17/2020,32,24.7,19.5,57,0,4,340
3/18/2020,31.5,24,18,60,0,4.7,354
3/19/2020,32,24.6,17.6,58,0,3,355
3/20/2020,32,24.7,18.7,59,0,3,369
3/21/2020,32.8,25.1,19.1,62,0,5,391
3/22/2020,27,21.3,17.7,81,5,3.5,399
3/23/2020,31,23.7,17.1,69,0,3.5,350
3/24/2020,31.5,23.9,18,69,0,3.5,343
3/25/2020,33.6,25.3,18.7,65,0,3.5,350
3/26/2020,33.7,27.1,20.9,62,0,1.7,352
3/27/2020,36,28.5,22,56,0,2.5,237
3/28/2020,35,28.4,22.4,60,0,4.8,337
3/29/2020,34.1,27.3,23.1,51,0,4,363
3/30/2020,34.5,27.1,20.2,45,0,5,387
3/31/2020,35.1,26.8,18.7,40,0,5.5,390
4/1/2020,35.8,27.3,20,39,0,2.2,411
4/2/2020,34.9,26.2,21.3,54,0,4.7,408
4/3/2020,35,27.7,21,60,0,4,400
4/4/2020,35.8,27.9,21,45,0,3,411
4/5/2020,35.7,28.3,21,54,0,3.2,103
4/6/2020,36.2,28,21.8,55,0,5,327
4/7/2020,36,29.3,22.8,56,0,3,382
4/8/2020,35.1,28.6,23.9,58,0,8,414
4/9/2020,36.2,28.6,22,58,0,1.7,224
4/10/2020,36.5,29.1,22.8,57,0,4.7,352
4/11/2020,36.5,26.7,23.3,66,0,4.5,257
4/12/2020,33.2,26.5,18,57,0,5.3,200
4/13/2020,36.4,28.3,19.7,52,0,5,347
4/14/2020,36.8,29.8,23,64,0,2,318
4/15/2020,33.5,25.5,24.2,71,0,6,312
4/16/2020,32.7,25.7,19.8,71,15,4.2,311
4/17/2020,25,21.6,17.9,87,34,7.3,294
4/18/2020,22.2,20.9,18.7,94,57,7.2,281
4/19/2020,33,26.2,19.9,75,64,4,314
4/20/2020,29.3,24.6,19.5,78,24,5,322
4/21/2020,32.2,26.8,20.4,76,8,4,314
4/22/2020,29.7,24.5,22.5,83,0,2.3,297
4/23/2020,31.9,25.3,20.9,73,2,2,346
4/24/2020,25.5,22,20.4,89,0,6,383
4/25/2020,28.6,24.3,19.6,79,34,4.5,411
4/26/2020,32,26,22,70,0,4,299
4/27/2020,33,26.3,22,74,0,2.3,367
4/28/2020,31.8,25.9,22,74,6,4.3,419
4/29/2020,32.5,26.3,22,74,0,3,419
4/30/2020,32.1,26.4,21.8,76,0,3,343
5/1/2020,33.4,28.3,21.8,70,1,2,394
5/2/2020,33.3,24.9,24.4,83,0,4,417
5/3/2020,32.1,26.5,19.9,77,31,3.2,451
5/4/2020,32.9,28.1,23.2,74,0,2.2,481
5/5/2020,31.9,25.3,22.3,91,130,2,504
5/6/2020,28.7,23.8,20.6,91,54,5.5,494
5/7/2020,33,27.1,21.3,73,39,2.5,345
5/8/2020,33.5,28,21.5,66,0,3,426
5/9/2020,34.4,28.8,24.3,69,0,2,423
5/10/2020,36.5,30.4,25,65,0,2.5,424
5/11/2020,36,29.7,26,71,0,4,485
5/12/2020,35.7,29.7,25,72,3,3.5,508
5/13/2020,25.3,23.1,21.4,90,4,4,519
5/14/2020,33.9,26.8,20.5,77,37,17,354
5/15/2020,33.5,28.3,23.6,78,4,2,375
5/16/2020,28.5,25.4,22,86,0,2.7,408
5/17/2020,34.1,28.2,21.6,76,68,4,435
5/18/2020,35.2,29.1,25.5,76,0,2.8,430
5/19/2020,33.7,29.4,25,82,3,2,341
5/20/2020,31.5,26.4,23.8,80,0,7.3,366
5/21/2020,26.7,25.3,24.2,95,9,4.8,286
5/22/2020,26.9,25.8,24.7,95,49,3.2,290
5/23/2020,34.1,29.1,24.5,82,11,4.2,384
5/24/2020,32.3,28.5,26.5,81,0,2.8,395
5/25/2020,25.4,24,21.4,94,51,2,355
5/26/2020,29,25.6,21.5,91,20,3,411
5/27/2020,27.2,23.3,21,91,62,4.8,434
5/28/2020,31.3,25.7,21,83,26,3,415
5/29/2020,30,26.4,22.8,85,12,1.8,414
5/30/2020,29.3,26.3,24.5,87,1,3,362
5/31/2020,29.2,26,23,89,25,3.2,404
6/1/2020,30.2,26.3,24.5,91,10,2.7,453
6/2/2020,32.5,27.7,24.2,88,17,2,464
6/3/2020,31.3,27.5,25.5,87,6,2,504
6/4/2020,28.6,26.2,24.8,94,7,3,543
6/5/2020,33.8,28.1,24.5,85,15,2.5,466
6/6/2020,28.4,25.7,23.6,96,30,3.4,416
6/7/2020,31.3,27.3,23.6,90,40,2.2,424
6/8/2020,31.8,27.4,24.6,89,17,2,452
6/9/2020,36,30.8,25.2,76,5,6,446
6/10/2020,32.7,28.2,26,88,28,2.7,469
6/11/2020,33.7,27.9,25.5,88,10,2,381
6/12/2020,31,27.5,25.6,89,14,2.3,415
6/13/2020,29,27.1,25.5,92,14,2,422
6/14/2020,35,29.4,26,83,15,3,419
6/15/2020,35.3,30,26.5,80,3,3,432
6/16/2020,34.9,29.5,27.5,83,0,2.7,462
6/17/2020,32.7,28.1,26.4,87,4,6,475
6/18/2020,29.2,27,25.5,93,4,3,421
6/19/2020,32.2,27.9,25.7,90,40,2.7,485
6/20/2020,34.7,29.6,26.2,82,9,3,407
6/21/2020,34,29.2,26,82,40,2.2,359
6/22/2020,34.9,29.2,26.2,82,6,2,377
6/23/2020,34.8,29,26.9,86,21,2,431
6/24/2020,31.8,27.9,27,92,13,2,379
6/25/2020,33.8,28.4,25.5,89,53,2,482
6/26/2020,28,26.2,24,97,28,2,491
6/27/2020,27.5,24.8,23.5,97,107,2,463
6/28/2020,28.1,25.7,23.5,93,52,2,477
6/29/2020,33.7,28.8,23.6,83,39,3,462
6/30/2020,33.2,28.5,26,88,4,3,466
7/1/2020,31.8,27.7,25.8,93,26,4.5,485
7/2/2020,32,28.5,25.8,90,148,3.5,478
7/3/2020,34.8,30,26.5,82,2,3.7,439
7/4/2020,32.8,28.3,26,89,85,1.8,437
7/5/2020,32.5,28,26.6,88,13,2.5,369
7/6/2020,33.9,28.9,26.2,85,26,3,399
7/7/2020,33.9,28.4,26.5,88,11,3,414
7/8/2020,34,29.2,26.5,86,20,1,454
7/9/2020,31.3,28.4,26.8,87,15,8.4,477
7/10/2020,31.8,28.1,25,89,15,6,500
7/11/2020,26.7,26,24.5,97,14,4,486
7/12/2020,30,26.8,24.5,95,91,2.8,495
7/13/2020,31.6,27.7,25.3,90,45,3.8,459
7/14/2020,32.4,27.7,25.5,90,51,2,421
7/15/2020,33.5,28.2,25.8,86,17,2,446
7/16/2020,33.8,29.6,25.5,81,20,2.5,477
7/17/2020,34,29.9,26.4,81,20,1,467
7/18/2020,33.2,29,26.7,84,20,6,491
7/19/2020,31.9,27.9,27.3,87,0,6.6,523
7/20/2020,27.8,26.6,24.8,96,29,5,468
7/21/2020,28.5,25.6,25,96,24,3,502
7/22/2020,30,26.5,24.5,94,78,1.2,468
7/23/2020,31.5,28.1,25.5,87,30,1.7,475
7/24/2020,31.2,27.6,26.1,89,12,4,482
7/25/2020,33.8,29.7,25.5,81,6,4,490
7/26/2020,33.4,29,26.3,87,7,2.2,505
7/27/2020,30.7,26.6,25.5,94,7,2.5,498
7/28/2020,33.4,28.9,25.4,85,34,3,512
7/29/2020,28.7,26.8,25.5,96,52,2.3,485
7/30/2020,32,28.2,25.5,90,62,2.2,513
7/31/2020,32,28.4,26.3,90,10,1.5,492
8/1/2020,35.3,30.3,26.3,81,6,1.7,529
8/2/2020,35,30.6,27.8,87,0,1.5,508
8/3/2020,36,31.9,27.9,82,6,1.7,533
8/4/2020,34.7,31.6,29.1,74,0,2.8,487
8/5/2020,36.7,31.7,29.2,67,0,7.8,514
8/6/2020,37.4,31.2,28,76,0,2.2,540
8/7/2020,34.7,30.1,27.9,80,0,6,478
8/8/2020,34.5,29.1,26.4,88,16,4,490
8/9/2020,35.7,29.3,27,86,9,2,499
8/10/2020,34,29.6,27,82,6,3,480
8/11/2020,33.2,28.1,27.4,90,3,2.5,492
8/12/2020,33.9,28.9,26,87,34,2,491
8/13/2020,36.1,30.9,26.8,77,3,1.7,484
8/14/2020,35,29.4,26.7,85,0,2,497
8/15/2020,34.2,27.9,25.8,85,83,2.5,451
8/16/2020,32,27.1,25.3,92,9,2.6,488
8/17/2020,30.6,27.1,25.2,92,25,2,514
8/18/2020,31.2,27.6,25.3,92,14,2.4,501
8/19/2020,34.4,29.3,25.9,80,5,2,507
8/20/2020,34,28.1,25.5,87,0,1.7,507
8/21/2020,32,27.4,25.2,88,21,2.3,444
8/22/2020,30,26.6,25.5,96,20,2,494
8/23/2020,33.4,29.5,25.9,83,13,1.8,474
8/24/2020,33.4,29.2,26.8,85,0,2.5,494
8/25/2020,35.5,29.4,25.5,79,0,2.3,482
8/26/2020,34.2,28.3,26.4,87,1,2.5,505
8/27/2020,32.7,28.3,25.8,85,44,3,529
8/28/2020,32.3,27.9,26,89,6,2.5,505
8/29/2020,32.3,27.8,25.5,90,35,2,518
8/30/2020,29.9,26.7,25.5,95,2,1.8,530
8/31/2020,31,27.7,25.5,93,21,4,491
9/1/2020,32.5,27.5,24.7,86,55,1.5,500
9/2/2020,35.3,30.4,24.8,75,55,3,549
9/3/2020,34,29.4,27.2,82,0,2,508
9/4/2020,33.9,28.9,26.5,87,0,2,474
9/5/2020,33.9,29.3,25.3,84,34,2,486
9/6/2020,30.7,27.9,26.4,89,1,4,508
9/7/2020,29.9,27.1,25.4,92,32,3,467
9/8/2020,30.7,26.9,25.4,94,34,2.5,465
9/9/2020,34.6,29.6,25.2,84,113,2,407
9/10/2020,31.5,27.2,25.9,94,23,2.3,464
9/11/2020,29.2,27.4,26,92,60,2,502
9/12/2020,28.4,26.8,25.4,96,34,2.5,513
9/13/2020,32.8,28.4,25.3,89,72,1.8,506
9/14/2020,32.5,27.7,26,89,14,3.5,505
9/15/2020,33.5,27.9,25.9,89,3,3.5,428
9/16/2020,28.7,26.3,25.5,96,5,2.5,466
9/17/2020,31,27.2,24.5,92,39,2.7,430
9/18/2020,33.9,29.7,25.6,84,1,2.7,437
9/19/2020,37.3,32.3,25.5,73,0,2,417
9/20/2020,36.7,32,28.5,66,0,4.5,449
9/21/2020,32.8,29,27.3,86,0,1.5,490
9/22/2020,29.3,26.5,25.5,95,39,4,428
9/23/2020,29.1,27.2,25.3,92,53,2,512
9/24/2020,27.3,26.3,25.6,95,36,3.3,521
9/25/2020,31.4,27.1,25.4,91,53,4.7,484
9/26/2020,28.8,25.8,25.2,96,61,4.5,523
9/27/2020,29.9,26.5,25,94,54,1.5,496
9/28/2020,30.6,27.2,25,91,9,6,488
9/29/2020,33.8,29.1,25.5,83,3,2.5,432
9/30/2020,35.3,30,25.5,78,0,2,472
10/1/2020,33.8,29.1,26.6,85,0,6,512
10/2/2020,31.8,28,26.5,87,0,2,537
10/3/2020,32.5,28.5,25.6,88,5,1.7,505
10/4/2020,31.5,27.7,25,89,0,2.7,546
10/5/2020,30.8,27,24.8,92,60,4,542
10/6/2020,28.4,25.9,24,95,105,2,536
10/7/2020,30,26.6,24,91,52,2,550
10/8/2020,33.7,28.6,24.8,84,3,2,539
10/9/2020,35.7,30.1,25.9,80,0,2,531
10/10/2020,33.4,29.2,26.8,87,0,3,549
10/11/2020,35.5,29.9,26.6,82,0,2,525
10/12/2020,35,29.7,26.3,83,0,2.3,537
10/13/2020,36.1,30.4,26.4,80,0,1.5,540
10/14/2020,33.6,29.6,26.6,78,0,2,528
10/15/2020,35.2,30.4,26.2,77,0,1.7,381
10/16/2020,35.7,30.2,26.7,80,0,1,278
10/17/2020,35.6,30.6,26,74,0,2,385
10/18/2020,33.3,28.8,26.1,81,0,2,444
10/19/2020,32,28.1,26.4,86,0,3,427
10/20/2020,34.7,29.4,25.5,80,1,4.7,460
10/21/2020,31.5,27.2,23.8,87,5,4.7,593
10/22/2020,27.7,25.1,23,93,95,2,509
10/23/2020,25.4,24.1,22.7,97,11,6.3,489
10/24/2020,27,24.7,23.1,95,40,5.5,435
10/25/2020,31.3,27.3,24,87,4,1.5,440
10/26/2020,33,27.2,24.4,86,1,1.3,465
10/27/2020,32.8,27.6,23.7,82,0,3.7,475
10/28/2020,34.8,28.2,23.6,77,0,4,430
10/29/2020,35.2,28.9,24.8,76,0,3,355
10/30/2020,36.1,29.8,24.1,64,0,3.3,320
10/31/2020,29.6,26,25.4,89,0,2.5,363
11/1/2020,32.4,26.8,23.5,84,12,2,358
11/2/2020,31.3,27.3,24.5,85,0,2.7,368
11/3/2020,31.7,27.4,24.9,86,0,2,365
11/4/2020,30.1,26,25.4,88,0,1,374
11/5/2020,30.6,23.8,23,78,0,1.7,386
11/6/2020,30.1,23.7,18.3,78,0,2,365
11/7/2020,30.7,24.3,17.8,74,0,2,369
11/8/2020,31.7,25,19.5,66,0,3.4,352
11/9/2020,31.4,24.7,19.5,67,0,4,349
11/10/2020,32,25.3,19,64,0,2,288
11/11/2020,32.7,25.7,20,65,0,2.2,297
11/12/2020,33.2,25.6,20.4,70,0,2,330
11/13/2020,33.2,25.6,20.8,70,0,2.7,303
11/14/2020,32,24.7,20.4,75,0,1.8,323
11/15/2020,31.7,25,20.3,77,0,2.7,306
11/16/2020,31.7,25.2,19.5,73,0,2.5,306
11/17/2020,29,23.9,21.4,84,0,1,308
11/18/2020,30.3,23.2,20.3,75,0,2,309
11/19/2020,28.4,22.2,18.2,71,0,3.2,321
11/20/2020,27.7,22.3,18.5,73,0,5.7,301
11/21/2020,28,23.3,19,79,0,5,322
11/22/2020,27,21.7,20,70,0,4.5,309
11/23/2020,28.1,21.1,14.7,69,0,2.2,314
11/24/2020,27.9,20.8,15.9,75,0,2.7,314
11/25/2020,28.2,20.7,15.7,70,0,1.7,319
11/26/2020,27.8,20.9,15.5,70,0,2,316
11/27/2020,29.2,22,17.3,68,0,3,296
11/28/2020,30.1,22.2,18.5,73,0,2,317
11/29/2020,30.8,21.8,16.7,75,0,4,313
11/30/2020,30.4,22.3,16.9,78,0,3,310
12/1/2020,30.2,22.4,16.9,71,0,2.5,315
12/2/2020,30.1,22.3,17.5,73,0,4,303
12/3/2020,29.2,22.3,16.8,77,0,2.5,295
12/4/2020,27.7,21.3,17,81,0,4,309
12/5/2020,27.1,21,17.4,83,0,3,318
12/6/2020,26.9,20.6,17,81,0,2.8,311
12/7/2020,25.5,20,17,82,0,2,316
12/8/2020,26.7,20.2,15.8,79,0,2,318
12/9/2020,26,20.2,16.2,84,0,2.8,298
12/10/2020,24.8,19.5,16,89,0,3.5,321
12/11/2020,23.2,18.3,16.4,92,0,6,295
12/12/2020,23.1,18.3,15.5,90,0,2.5,280
12/13/2020,24.7,19.3,15.3,87,0,1,310
12/14/2020,27.2,20.1,15.5,81,0,2,309
12/15/2020,26.2,19.7,14.6,86,0,1.5,320
12/16/2020,27.2,20.3,16.2,82,0,6,314
12/17/2020,26.8,19.7,16,86,0,2,309
12/18/2020,25,17.6,14.2,78,0,5.5,292
12/19/2020,25.5,17.3,11.3,72,0,5,311
12/20/2020,25.4,17.4,11.7,73,0,3,301
12/21/2020,27,18.7,11.8,71,0,1,313
12/22/2020,27.8,19.3,14.7,70,0,3,314
12/23/2020,27.8,20,15,70,0,2.3,311
12/24/2020,28.1,19.4,15,75,0,5.5,309
12/25/2020,27.2,19.3,13.9,74,0,2.7,302
12/26/2020,27,19.1,14,73,0,2.5,313
12/27/2020,26,18.3,13.4,74,0,5,316
12/28/2020,25.8,17.4,12.2,74,0,2,311
12/29/2020,26.4,17.7,12.1,74,0,5,322
12/30/2020,26.7,18,12,73,0,4,316
12/31/2020,26.9,18.3,13.2,73,0,2.7,324
1/1/2021,28.2,19.7,13.2,69,0,2,314
1/2/2021,28,19.7,13.9,72,0,3.7,329
1/3/2021,28.1,20.4,14.4,72,0,7,328
1/4/2021,28.8,20.1,15,72,0,4,323
1/5/2021,29,21,15.2,71,0,4.7,335
1/6/2021,28.6,21.1,15.5,74,0,6.5,326
1/7/2021,28.8,21.1,16.7,78,0,3,319
1/8/2021,28.3,20.8,16.5,74,0,2.5,311
1/9/2021,26.8,20.2,16,80,0,2,326
1/10/2021,25.3,20.2,16.2,83,0,2,334
1/11/2021,27.1,20.5,16.3,78,0,3,331
1/12/2021,26.8,19.9,15.5,81,0,3,329
1/13/2021,26.6,18.1,15.4,81,0,4,311
1/14/2021,24.6,17.5,12.8,74,0,3.3,339
1/15/2021,25.5,17.9,12.5,67,0,3,313
1/16/2021,24.5,16.8,12,73,0,2,327
1/17/2021,25.7,17.5,11.5,76,0,2,339
1/18/2021,26.8,19.2,12.5,79,0,1,336
1/19/2021,24.8,18,14.8,80,0,1,334
1/20/2021,23.8,19,14.5,81,0,2.5,330
1/21/2021,26,19.4,16.8,85,0,2.5,336
1/22/2021,25.8,19,15.1,74,0,2.5,315
1/23/2021,25.2,17.4,12.5,84,0,4,355
1/24/2021,24.8,17.7,13,85,0,1.5,333
1/25/2021,26.5,18.4,12.8,73,0,3,337
1/26/2021,27,18.5,13.3,74,0,5.5,330
1/27/2021,26.4,18.1,11.7,75,0,4,335
1/28/2021,26.4,18.1,13.2,81,0,3.7,328
1/29/2021,28.3,19.1,13.5,81,0,9,300
1/30/2021,26.5,18.8,14.2,82,0,5,335
1/31/2021,24.4,17.5,13.5,77,0,2,320
2/1/2021,23.8,16.5,10.3,78,0,2,335
2/2/2021,26.5,17.9,11,73,0,6,334
2/3/2021,28,19.4,13.2,72,0,4,319
2/4/2021,28.8,20.3,13.8,62,0,2.7,332
2/5/2021,30.4,21.5,14.5,59,0,5,316
2/6/2021,29.5,21,14.5,62,0,3.5,342
2/7/2021,25.8,18.8,14.6,68,0,4,344
2/8/2021,27.7,19.6,12.5,65,0,4,340
2/9/2021,30.6,21.1,14.8,63,0,4.3,346
2/10/2021,30.8,21.2,14.3,59,0,5,341
2/11/2021,29,20.6,13.8,62,0,4,318
2/12/2021,30,20.6,14.5,63,0,4,354
2/13/2021,30.1,20.9,15.2,63,0,1,346
2/14/2021,30.2,21.3,15.2,67,0,3.7,332
2/15/2021,29.2,21,15,65,0,1.7,351
2/16/2021,28.8,21,15.5,61,0,3.5,340
2/17/2021,29.4,22,15.5,62,0,3.7,340
2/18/2021,32.2,22.8,15.9,62,0,2,345
2/19/2021,32,23.7,15.3,56,0,1,324
2/20/2021,29.2,22.7,18.4,73,0,1.5,357
2/21/2021,31.5,22.9,15.9,69,0,6,365
2/22/2021,32.2,22.8,15.2,64,0,3,379
2/23/2021,32.3,23.4,15.9,60,0,2.5,383
2/24/2021,30.8,23.5,16.7,63,0,3,388
2/25/2021,29.3,22.9,18,75,0,4,369
2/26/2021,29.8,23.9,19,71,0,2,350
2/27/2021,30.2,23.8,19,77,0,2.5,259
2/28/2021,30.3,24.5,19,72,0,5,371
3/1/2021,32.5,25.6,21.2,73,0,2,378
3/2/2021,32.7,25.1,21,60,0,5.7,393
3/3/2021,31.8,24.6,19.5,51,0,2,391
3/4/2021,31,24.4,18.2,51,0,6.5,387
3/5/2021,30.7,24,18.5,69,0,1,285
3/6/2021,30,22.9,19,76,0,4.2,353
3/7/2021,30.4,24,18.8,74,30,5,406
3/8/2021,30.3,24.7,19.9,74,0,3,418
3/9/2021,30.4,25.5,21.5,75,4,4,420
3/10/2021,32.7,26.2,20.5,70,0,2,422
3/11/2021,33.5,26.2,20.5,66,0,5,396
3/12/2021,33.8,26.6,20.5,64,0,4,438
3/13/2021,33.4,26.2,21,66,0,4.7,456
3/14/2021,32.2,25.6,21,65,0,4.7,455
3/15/2021,33.2,25.7,19.5,67,0,4,470
3/16/2021,33.2,26,20.6,63,0,6,469
3/17/2021,34,26,20.4,62,0,2,469
3/18/2021,34.4,26.7,20.4,53,0,3,407
3/19/2021,34,26.7,20.1,56,0,2.7,428
3/20/2021,34,26.9,21.3,59,0,5.5,433
3/21/2021,35.2,28.1,22.2,52,0,3.5,466
3/22/2021,36.3,27.9,22.2,49,0,8,337
3/23/2021,36.4,28.2,21.4,48,0,4.3,288
3/24/2021,36.2,28.3,22,54,0,3,377
3/25/2021,36.8,28,22.5,49,0,6.5,373
3/26/2021,36,28,21.5,36,0,4,404
3/27/2021,36.6,27.7,21.3,40,0,4,445
3/28/2021,36.2,27.7,19.6,48,0,3.5,308
3/29/2021,35.5,27.5,21.4,54,0,3,433
3/30/2021,26.1,22,18.2,85,74,6.5,469
3/31/2021,32,25.3,20,74,19,5.3,445
4/1/2021,31.6,25.6,22,76,1,5.5,445
4/2/2021,29.6,24.5,19.6,79,11,4,498
4/3/2021,35,27.8,21.5,67,0,5.5,474
4/4/2021,35.7,27.9,21.8,49,0,4,466
4/5/2021,34.2,25.8,19.8,59,0,4,493
4/6/2021,34.8,26.5,21.2,66,0,2,517
4/7/2021,33.2,27.1,21.5,70,0,2,513
4/8/2021,31.7,26.2,23.4,75,0,2.8,484
4/9/2021,32,27,20,68,2,2,418
4/10/2021,34.5,28.2,24.2,73,0,3.3,446
4/11/2021,33,27.4,19.8,74,2,2,451
4/12/2021,33.4,28.2,24.9,71,0,2.5,501
4/13/2021,35.3,28.2,24.3,69,0,3.3,515
4/14/2021,34,28.2,23.3,68,1,3.5,512
4/15/2021,34,26.9,20,69,9,2,469
4/16/2021,32.5,26.2,20,68,11,5.5,509
4/17/2021,29.4,24.1,19,76,35,3.5,535
4/18/2021,32.3,26,21,74,0,5.5,535
4/19/2021,29.8,24.9,19.2,82,60,6.2,545
4/20/2021,32,25.9,21,71,9,2.7,522
4/21/2021,34.9,28.4,22.2,69,0,2,558
4/22/2021,34,28.7,22.2,75,2,3.5,504
4/23/2021,34.2,28.2,23.8,65,0,3.5,441
4/24/2021,35.7,29.3,22.2,59,0,2,406
4/25/2021,36.6,29.7,24,57,0,3.3,480
4/26/2021,37.5,30.5,25,55,0,5,377
4/27/2021,36.8,30.9,25,60,0,1.3,486
4/28/2021,34.8,29.3,22.7,65,0,3,498
4/29/2021,36.5,30.5,24.9,62,0,2,508
4/30/2021,36.3,29.3,24.8,59,0,2,486
5/1/2021,35,27.9,23.6,65,0,4,441
5/2/2021,35.5,27.1,23.1,70,0,4,357
5/3/2021,30.7,26.3,21,77,7,5,489
5/4/2021,30.2,24.6,23.3,82,2,3.3,351
5/5/2021,33.5,27.7,21.8,67,2,2,472
5/6/2021,32.4,26.5,21.2,74,6,1.8,395
5/7/2021,34,27.4,23,70,0,4.2,366
5/8/2021,30.5,25.9,21,75,24,5.7,390
5/9/2021,35,27.3,22.6,72,5,5,427
5/10/2021,34.6,27.9,22,69,0,3,398
5/11/2021,31.6,27.1,21.2,72,1,4.5,503
5/12/2021,32.6,27.4,23.7,76,2,2.5,362
5/13/2021,29.2,25.3,21.5,84,2,3,497
5/14/2021,30,25.4,22.5,90,27,2,566
5/15/2021,27.3,24.6,22.2,88,42,4.2,565
5/16/2021,31.8,27.1,22.9,79,22,1.8,310
5/17/2021,31.2,27.6,23.5,83,1,2.8,446
5/18/2021,26.4,24.9,24.4,98,29,5,508
5/19/2021,32.9,27.8,24.5,89,45,2,550
5/20/2021,29.5,25.6,24,95,14,2.5,514
5/21/2021,35,29.5,24,79,20,2,578
5/22/2021,34.2,30.3,25.2,79,0,2,552
5/23/2021,37.8,32.1,27,71,0,4,416
5/24/2021,38.3,30.9,26.1,68,0,2.5,447
5/25/2021,37.4,31.3,25.4,71,1,2,523
5/26/2021,35,30.3,27.4,78,1,2,503
5/27/2021,35.2,30.5,26.5,73,15,4,396
5/28/2021,35.2,30.5,25.9,69,0,3,424
5/29/2021,36.4,30.9,27.3,72,0,2,446
5/30/2021,33.7,29.4,24.2,83,0,3,458
5/31/2021,33,26.4,25.2,93,22,3,480
6/1/2021,27.4,25.7,24.3,98,75,6,532
6/2/2021,32.4,27.3,24,90,38,2,441
6/3/2021,32.5,27.6,24.4,89,5,5,503
6/4/2021,33.2,27.2,24.5,91,34,2,526
6/5/2021,26.5,24.9,23.5,95,104,4,513
